2022.01.02,18:00,16361.619000,16419.059000,16361.619000,16384.589000,0
2022.01.02,18:01,16383.619000,16400.059000,16382.719000,16395.179000,0
2022.01.02,18:02,16396.579000,16400.689000,16387.529000,16388.129000,0
2022.01.02,18:03,16388.599000,16390.289000,16385.259000,16386.309000,0
2022.01.02,18:04,16385.989000,16388.419000,16380.119000,16386.829000,0
2022.01.02,18:05,16386.529000,16391.539000,16385.229000,16388.589000,0
2022.01.02,18:06,16388.369000,16394.719000,16388.079000,16394.649000,0
2022.01.02,18:07,16394.657000,16395.589000,16388.869000,16389.719000,0
2022.01.02,18:08,16389.747000,16392.799000,16386.029000,16387.159000,0
2022.01.02,18:09,16387.137000,16387.137000,16375.309000,16378.397000,0
2022.01.02,18:10,16378.239000,16379.909000,16376.817000,16378.619000,0
2022.01.02,18:11,16378.349000,16383.989000,16377.609000,16380.169000,0
2022.01.02,18:12,16380.319000,16381.319000,16378.279000,16379.669000,0
2022.01.02,18:13,16379.789000,16380.299000,16373.849000,16376.239000,0
2022.01.02,18:14,16376.819000,16376.889000,16373.849000,16373.849000,0
2022.01.02,18:15,16373.339000,16381.089000,16373.339000,16380.999000,0
2022.01.02,18:16,16379.749000,16381.809000,16378.569000,16380.709000,0
2022.01.02,18:17,16380.899000,16385.799000,16380.819000,16385.709000,0
2022.01.02,18:18,16385.229000,16385.399000,16383.599000,16385.399000,0
2022.01.02,18:19,16385.609000,16386.499000,16383.279000,16383.709000,0
2022.01.02,18:20,16384.289000,16384.289000,16382.619000,16383.339000,0
2022.01.02,18:21,16382.889000,16384.399000,16379.629000,16383.809000,0
2022.01.02,18:22,16383.899000,16389.099000,16383.539000,16385.039000,0
2022.01.02,18:23,16385.097000,16385.389000,16380.119000,16380.869000,0
2022.01.02,18:24,16381.089000,16382.099000,16378.849000,16379.529000,0
2022.01.02,18:25,16380.269000,16380.369000,16372.789000,16372.799000,0
2022.01.02,18:26,16372.819000,16377.609000,16372.229000,16376.669000,0
2022.01.02,18:27,16376.889000,16377.999000,16375.339000,16375.639000,0
2022.01.02,18:28,16375.999000,16380.019000,16374.029000,16380.009000,0
2022.01.02,18:29,16380.119000,16381.717000,16379.199000,16381.709000,0
2022.01.02,18:30,16381.627000,16382.769000,16376.859000,16377.649000,0
2022.01.02,18:31,16378.229000,16378.317000,16376.229000,16376.809000,0
2022.01.02,18:32,16376.829000,16377.089000,16371.019000,16371.599000,0
2022.01.02,18:33,16371.749000,16374.599000,16371.579000,16373.409000,0
2022.01.02,18:34,16373.329000,16376.289000,16373.329000,16375.629000,0
2022.01.02,18:35,16375.889000,16376.089000,16372.639000,16372.639000,0
2022.01.02,18:36,16372.879000,16376.879000,16372.739000,16376.219000,0
2022.01.02,18:37,16376.277000,16378.919000,16374.349000,16374.869000,0
2022.01.02,18:38,16374.809000,16378.049000,16374.619000,16376.829000,0
2022.01.02,18:39,16377.049000,16378.539000,16376.829000,16378.049000,0
2022.01.02,18:40,16377.779000,16377.799000,16373.819000,16376.889000,0
2022.01.02,18:41,16377.079000,16377.699000,16376.109000,16377.699000,0
2022.01.02,18:42,16377.657000,16377.657000,16374.839000,16375.619000,0
2022.01.02,18:43,16375.577000,16378.589000,16375.349000,16378.339000,0
2022.01.02,18:44,16378.019000,16379.099000,16377.679000,16378.559000,0
2022.01.02,18:45,16378.899000,16382.319000,16377.359000,16378.309000,0
2022.01.02,18:46,16378.337000,16380.399000,16377.169000,16380.399000,0
2022.01.02,18:47,16380.589000,16381.489000,16379.619000,16380.789000,0
2022.01.02,18:48,16380.727000,16381.389000,16379.629000,16381.259000,0
2022.01.02,18:49,16381.237000,16384.799000,16381.169000,16383.189000,0
2022.01.02,18:50,16382.849000,16383.809000,16381.129000,16381.209000,0
2022.01.02,18:51,16381.499000,16382.889000,16380.749000,16382.109000,0
2022.01.02,18:52,16382.117000,16384.599000,16382.069000,16384.259000,0
2022.01.02,18:53,16384.409000,16386.089000,16383.639000,16385.399000,0
2022.01.02,18:54,16385.397000,16386.289000,16384.769000,16385.559000,0
2022.01.02,18:55,16385.129000,16385.139000,16382.329000,16384.139000,0
2022.01.02,18:56,16383.899000,16384.999000,16383.649000,16384.869000,0
2022.01.02,18:57,16384.887000,16384.887000,16382.669000,16383.369000,0
2022.01.02,18:58,16383.619000,16389.089000,16383.519000,16387.339000,0
2022.01.02,18:59,16387.387000,16387.619000,16385.109000,16385.219000,0
2022.01.02,19:00,16386.039000,16391.219000,16386.039000,16386.609000,0
2022.01.02,19:01,16387.079000,16389.389000,16387.079000,16388.829000,0
2022.01.02,19:02,16389.019000,16391.649000,16388.519000,16389.329000,0
2022.01.02,19:03,16388.779000,16394.379000,16388.649000,16391.179000,0
2022.01.02,19:04,16391.289000,16391.809000,16388.619000,16389.599000,0
2022.01.02,19:05,16389.569000,16392.289000,16389.519000,16390.139000,0
2022.01.02,19:06,16390.157000,16392.289000,16390.059000,16391.599000,0
2022.01.02,19:07,16391.639000,16391.889000,16388.879000,16389.389000,0
2022.01.02,19:08,16389.387000,16389.387000,16387.649000,16388.569000,0
2022.01.02,19:09,16389.999000,16392.399000,16389.639000,16392.389000,0
2022.01.02,19:10,16392.357000,16393.699000,16391.589000,16393.669000,0
2022.01.02,19:11,16393.379000,16393.899000,16391.899000,16392.369000,0
2022.01.02,19:12,16392.499000,16392.499000,16388.139000,16388.649000,0
2022.01.02,19:13,16389.489000,16389.489000,16387.339000,16387.909000,0
2022.01.02,19:14,16388.199000,16388.899000,16385.859000,16386.409000,0
2022.01.02,19:15,16386.569000,16390.389000,16385.619000,16389.879000,0
2022.01.02,19:16,16389.899000,16395.299000,16389.899000,16392.339000,0
2022.01.02,19:17,16392.659000,16394.197000,16391.759000,16393.289000,0
2022.01.02,19:18,16393.369000,16393.919000,16391.349000,16391.549000,0
2022.01.02,19:19,16391.547000,16391.817000,16390.559000,16391.539000,0
2022.01.02,19:20,16392.039000,16395.639000,16392.039000,16395.219000,0
2022.01.02,19:21,16395.279000,16395.499000,16393.619000,16393.909000,0
2022.01.02,19:22,16394.289000,16394.807000,16392.639000,16394.039000,0
2022.01.02,19:23,16393.889000,16394.169000,16393.039000,16393.089000,0
2022.01.02,19:24,16393.067000,16400.989000,16392.119000,16400.819000,0
2022.01.02,19:25,16401.009000,16403.299000,16398.229000,16398.699000,0
2022.01.02,19:26,16398.739000,16401.799000,16396.519000,16397.019000,0
2022.01.02,19:27,16397.419000,16399.329000,16397.129000,16398.159000,0
2022.01.02,19:28,16398.219000,16402.889000,16397.779000,16399.289000,0
2022.01.02,19:29,16399.189000,16402.899000,16399.139000,16401.889000,0
2022.01.02,19:30,16401.419000,16407.689000,16401.329000,16407.209000,0
2022.01.02,19:31,16407.679000,16409.489000,16407.109000,16409.489000,0
2022.01.02,19:32,16409.569000,16409.759000,16405.389000,16405.729000,0
2022.01.02,19:33,16405.889000,16408.559000,16405.039000,16405.389000,0
2022.01.02,19:34,16405.299000,16405.889000,16404.279000,16405.019000,0
2022.01.02,19:35,16405.097000,16409.349000,16403.639000,16408.569000,0
2022.01.02,19:36,16408.219000,16410.499000,16408.169000,16410.299000,0
2022.01.02,19:37,16410.339000,16411.809000,16409.719000,16411.639000,0
2022.01.02,19:38,16411.419000,16413.099000,16410.829000,16411.119000,0
2022.01.02,19:39,16411.207000,16411.207000,16408.309000,16408.919000,0
2022.01.02,19:40,16409.289000,16414.399000,16409.089000,16413.589000,0
2022.01.02,19:41,16413.347000,16414.559000,16405.279000,16405.489000,0
2022.01.02,19:42,16405.409000,16408.789000,16405.409000,16407.829000,0
2022.01.02,19:43,16407.709000,16409.367000,16407.199000,16408.989000,0
2022.01.02,19:44,16408.889000,16412.389000,16408.329000,16411.709000,0
2022.01.02,19:45,16412.119000,16412.119000,16408.329000,16410.609000,0
2022.01.02,19:46,16410.587000,16410.599000,16409.239000,16409.629000,0
2022.01.02,19:47,16409.637000,16413.209000,16409.339000,16412.409000,0
2022.01.02,19:48,16412.569000,16417.119000,16412.519000,16416.337000,0
2022.01.02,19:49,16416.489000,16416.489000,16414.129000,16415.839000,0
2022.01.02,19:50,16415.779000,16417.889000,16415.029000,16415.779000,0
2022.01.02,19:51,16415.899000,16417.599000,16415.019000,16416.889000,0
2022.01.02,19:52,16417.079000,16417.307000,16413.709000,16414.079000,0
2022.01.02,19:53,16414.077000,16415.989000,16413.869000,16414.719000,0
2022.01.02,19:54,16414.757000,16416.749000,16414.329000,16415.559000,0
2022.01.02,19:55,16415.639000,16416.579000,16413.379000,16414.649000,0
2022.01.02,19:56,16414.389000,16415.279000,16413.129000,16415.099000,0
2022.01.02,19:57,16415.119000,16420.059000,16415.119000,16419.339000,0
2022.01.02,19:58,16419.199000,16419.599000,16416.619000,16419.539000,0
2022.01.02,19:59,16419.649000,16422.089000,16417.139000,16417.789000,0
2022.01.02,20:00,16417.399000,16420.899000,16415.779000,16417.399000,0
2022.01.02,20:01,16417.799000,16419.899000,16413.249000,16417.379000,0
2022.01.02,20:02,16417.659000,16419.889000,16414.899000,16419.809000,0
2022.01.02,20:03,16419.787000,16420.807000,16414.679000,16414.679000,0
2022.01.02,20:04,16414.719000,16415.089000,16412.109000,16413.099000,0
2022.01.02,20:05,16413.179000,16415.589000,16411.639000,16413.139000,0
2022.01.02,20:06,16413.167000,16415.399000,16413.059000,16414.279000,0
2022.01.02,20:07,16414.589000,16416.179000,16414.389000,16415.289000,0
2022.01.02,20:08,16415.399000,16417.219000,16414.559000,16414.619000,0
2022.01.02,20:09,16414.707000,16416.389000,16414.519000,16415.749000,0
2022.01.02,20:10,16416.089000,16416.099000,16414.619000,16415.829000,0
2022.01.02,20:11,16415.817000,16421.399000,16415.709000,16420.089000,0
2022.01.02,20:12,16420.139000,16421.399000,16419.099000,16420.259000,0
2022.01.02,20:13,16419.709000,16420.299000,16418.009000,16420.169000,0
2022.01.02,20:14,16420.659000,16428.709000,16420.639000,16421.899000,0
2022.01.02,20:15,16421.817000,16425.999000,16419.819000,16421.649000,0
2022.01.02,20:16,16421.859000,16425.889000,16421.409000,16425.889000,0
2022.01.02,20:17,16425.899000,16426.899000,16422.819000,16424.109000,0
2022.01.02,20:18,16424.379000,16424.899000,16422.019000,16423.389000,0
2022.01.02,20:19,16423.609000,16425.599000,16421.609000,16424.869000,0
2022.01.02,20:20,16424.879000,16425.089000,16420.169000,16420.409000,0
2022.01.02,20:21,16421.089000,16422.319000,16419.339000,16420.329000,0
2022.01.02,20:22,16420.327000,16422.169000,16419.769000,16421.809000,0
2022.01.02,20:23,16421.309000,16422.359000,16420.149000,16422.359000,0
2022.01.02,20:24,16421.739000,16424.307000,16421.149000,16423.379000,0
2022.01.02,20:25,16423.529000,16425.687000,16421.329000,16422.119000,0
2022.01.02,20:26,16422.299000,16423.099000,16420.319000,16423.099000,0
2022.01.02,20:27,16423.159000,16423.279000,16420.799000,16422.199000,0
2022.01.02,20:28,16421.899000,16422.759000,16420.259000,16421.589000,0
2022.01.02,20:29,16421.659000,16422.347000,16418.649000,16420.719000,0
2022.01.02,20:30,16421.109000,16424.889000,16420.609000,16422.559000,0
2022.01.02,20:31,16422.557000,16422.589000,16419.019000,16419.729000,0
2022.01.02,20:32,16419.069000,16421.059000,16417.859000,16420.159000,0
2022.01.02,20:33,16420.197000,16424.999000,16419.209000,16423.209000,0
2022.01.02,20:34,16422.829000,16423.989000,16419.599000,16419.899000,0
2022.01.02,20:35,16419.649000,16419.819000,16417.219000,16417.389000,0
2022.01.02,20:36,16417.099000,16418.099000,16411.349000,16413.679000,0
2022.01.02,20:37,16413.919000,16414.099000,16412.109000,16412.529000,0
2022.01.02,20:38,16412.577000,16413.789000,16411.189000,16413.119000,0
2022.01.02,20:39,16412.669000,16413.589000,16411.229000,16413.309000,0
2022.01.02,20:40,16412.889000,16412.889000,16407.619000,16412.199000,0
2022.01.02,20:41,16411.669000,16411.669000,16406.229000,16406.819000,0
2022.01.02,20:42,16406.727000,16407.609000,16403.729000,16404.119000,0
2022.01.02,20:43,16404.899000,16407.079000,16403.819000,16405.169000,0
2022.01.02,20:44,16405.859000,16408.799000,16404.819000,16408.159000,0
2022.01.02,20:45,16408.269000,16409.649000,16405.819000,16406.569000,0
2022.01.02,20:46,16406.619000,16406.697000,16400.529000,16404.339000,0
2022.01.02,20:47,16404.327000,16406.869000,16403.239000,16405.779000,0
2022.01.02,20:48,16405.339000,16408.389000,16404.209000,16407.349000,0
2022.01.02,20:49,16406.189000,16409.687000,16406.009000,16406.789000,0
2022.01.02,20:50,16406.789000,16408.059000,16405.869000,16408.059000,0
2022.01.02,20:51,16408.269000,16408.889000,16406.799000,16406.819000,0
2022.01.02,20:52,16407.019000,16408.889000,16406.039000,16407.249000,0
2022.01.02,20:53,16407.339000,16409.407000,16406.539000,16409.399000,0
2022.01.02,20:54,16408.779000,16410.149000,16408.029000,16408.699000,0
2022.01.02,20:55,16409.069000,16409.759000,16406.109000,16406.799000,0
2022.01.02,20:56,16406.819000,16406.889000,16403.739000,16405.019000,0
2022.01.02,20:57,16404.899000,16405.299000,16403.639000,16404.909000,0
2022.01.02,20:58,16405.119000,16405.139000,16401.889000,16404.609000,0
2022.01.02,20:59,16404.719000,16404.809000,16401.569000,16404.179000,0
2022.01.02,21:00,16404.147000,16405.389000,16402.129000,16403.689000,0
2022.01.02,21:01,16403.319000,16407.589000,16402.599000,16406.599000,0
2022.01.02,21:02,16406.597000,16407.809000,16402.619000,16404.389000,0
2022.01.02,21:03,16404.317000,16404.317000,16397.139000,16398.689000,0
2022.01.02,21:04,16399.179000,16401.909000,16397.169000,16398.749000,0
2022.01.02,21:05,16399.209000,16399.819000,16395.529000,16399.169000,0
2022.01.02,21:06,16398.889000,16401.099000,16395.289000,16397.489000,0
2022.01.02,21:07,16397.109000,16400.289000,16394.809000,16399.209000,0
2022.01.02,21:08,16398.609000,16398.679000,16394.749000,16397.589000,0
2022.01.02,21:09,16397.399000,16399.707000,16396.289000,16398.639000,0
2022.01.02,21:10,16399.109000,16400.789000,16398.229000,16399.899000,0
2022.01.02,21:11,16399.687000,16400.399000,16397.279000,16400.099000,0
2022.01.02,21:12,16400.087000,16402.699000,16399.129000,16402.679000,0
2022.01.02,21:13,16402.169000,16405.299000,16402.169000,16404.859000,0
2022.01.02,21:14,16404.329000,16405.899000,16403.529000,16405.589000,0
2022.01.02,21:15,16405.359000,16405.899000,16403.289000,16403.679000,0
2022.01.02,21:16,16403.379000,16404.389000,16403.089000,16403.529000,0
2022.01.02,21:17,16403.567000,16404.379000,16402.749000,16403.519000,0
2022.01.02,21:18,16403.749000,16405.309000,16403.519000,16404.519000,0
2022.01.02,21:19,16404.699000,16404.909000,16402.129000,16402.397000,0
2022.01.02,21:20,16402.269000,16403.589000,16400.739000,16401.269000,0
2022.01.02,21:21,16401.369000,16403.639000,16399.819000,16403.039000,0
2022.01.02,21:22,16403.057000,16403.759000,16401.409000,16401.849000,0
2022.01.02,21:23,16402.199000,16402.199000,16400.229000,16402.179000,0
2022.01.02,21:24,16402.249000,16403.099000,16401.329000,16401.819000,0
2022.01.02,21:25,16402.029000,16402.299000,16400.169000,16400.709000,0
2022.01.02,21:26,16400.719000,16402.899000,16400.319000,16401.849000,0
2022.01.02,21:27,16402.099000,16403.889000,16400.629000,16402.739000,0
2022.01.02,21:28,16402.717000,16403.499000,16400.649000,16402.629000,0
2022.01.02,21:29,16402.329000,16403.599000,16401.569000,16402.149000,0
2022.01.02,21:30,16402.279000,16403.217000,16401.129000,16401.739000,0
2022.01.02,21:31,16402.099000,16403.399000,16401.139000,16402.639000,0
2022.01.02,21:32,16402.849000,16407.399000,16402.749000,16407.307000,0
2022.01.02,21:33,16407.219000,16408.789000,16405.259000,16407.779000,0
2022.01.02,21:34,16407.787000,16410.689000,16406.809000,16410.609000,0
2022.01.02,21:35,16410.707000,16414.319000,16410.169000,16414.259000,0
2022.01.02,21:36,16414.389000,16414.399000,16409.539000,16409.719000,0
2022.01.02,21:37,16408.879000,16409.389000,16407.789000,16408.899000,0
2022.01.02,21:38,16409.109000,16409.489000,16406.069000,16407.359000,0
2022.01.02,21:39,16406.889000,16406.899000,16405.519000,16405.799000,0
2022.01.02,21:40,16405.689000,16409.209000,16405.509000,16409.139000,0
2022.01.02,21:41,16409.187000,16409.187000,16406.229000,16406.229000,0
2022.01.02,21:42,16406.297000,16410.199000,16405.349000,16409.669000,0
2022.01.02,21:43,16409.919000,16411.299000,16409.199000,16411.179000,0
2022.01.02,21:44,16411.289000,16412.789000,16411.039000,16411.289000,0
2022.01.02,21:45,16411.277000,16412.599000,16411.099000,16412.599000,0
2022.01.02,21:46,16412.397000,16414.709000,16410.719000,16412.189000,0
2022.01.02,21:47,16412.147000,16412.789000,16410.809000,16411.269000,0
2022.01.02,21:48,16411.217000,16412.589000,16410.859000,16411.539000,0
2022.01.02,21:49,16411.409000,16411.599000,16409.319000,16409.829000,0
2022.01.02,21:50,16410.029000,16411.109000,16408.149000,16409.099000,0
2022.01.02,21:51,16409.037000,16410.909000,16408.329000,16410.889000,0
2022.01.02,21:52,16410.837000,16410.837000,16407.879000,16409.259000,0
2022.01.02,21:53,16409.119000,16411.099000,16407.509000,16410.749000,0
2022.01.02,21:54,16410.819000,16411.909000,16410.089000,16411.219000,0
2022.01.02,21:55,16411.259000,16414.099000,16410.819000,16413.669000,0
2022.01.02,21:56,16413.199000,16413.619000,16411.789000,16413.199000,0
2022.01.02,21:57,16412.389000,16412.389000,16411.569000,16412.109000,0
2022.01.02,21:58,16412.027000,16414.799000,16411.619000,16414.389000,0
2022.01.02,21:59,16413.829000,16417.609000,16413.829000,16417.559000,0
2022.01.02,22:00,16417.547000,16418.419000,16416.759000,16417.769000,0
2022.01.02,22:01,16417.419000,16419.259000,16417.249000,16417.859000,0
2022.01.02,22:02,16417.847000,16419.299000,16416.879000,16417.099000,0
2022.01.02,22:03,16417.239000,16417.899000,16416.119000,16416.789000,0
2022.01.02,22:04,16416.829000,16416.989000,16414.329000,16414.829000,0
2022.01.02,22:05,16414.349000,16415.109000,16412.369000,16413.209000,0
2022.01.02,22:06,16413.217000,16413.999000,16410.619000,16413.289000,0
2022.01.02,22:07,16413.217000,16413.799000,16411.679000,16413.799000,0
2022.01.02,22:08,16413.259000,16414.299000,16411.679000,16413.889000,0
2022.01.02,22:09,16413.749000,16413.919000,16410.699000,16410.829000,0
2022.01.02,22:10,16410.887000,16411.489000,16410.239000,16411.489000,0
2022.01.02,22:11,16411.237000,16412.577000,16410.289000,16410.749000,0
2022.01.02,22:12,16410.239000,16410.287000,16405.549000,16405.799000,0
2022.01.02,22:13,16405.787000,16408.369000,16405.619000,16406.799000,0
2022.01.02,22:14,16406.299000,16407.289000,16404.749000,16406.859000,0
2022.01.02,22:15,16407.089000,16408.099000,16404.149000,16404.199000,0
2022.01.02,22:16,16403.539000,16406.099000,16402.799000,16404.769000,0
2022.01.02,22:17,16404.717000,16405.179000,16403.539000,16404.989000,0
2022.01.02,22:18,16404.909000,16405.909000,16404.839000,16405.189000,0
2022.01.02,22:19,16405.107000,16406.649000,16404.059000,16405.919000,0
2022.01.02,22:20,16405.817000,16407.669000,16405.739000,16406.339000,0
2022.01.02,22:21,16406.189000,16407.319000,16405.609000,16407.289000,0
2022.01.02,22:22,16407.369000,16408.299000,16404.169000,16404.169000,0
2022.01.02,22:23,16404.117000,16405.579000,16403.209000,16404.129000,0
2022.01.02,22:24,16404.399000,16406.379000,16403.669000,16405.189000,0
2022.01.02,22:25,16404.849000,16406.499000,16404.839000,16406.339000,0
2022.01.02,22:26,16406.377000,16406.709000,16404.839000,16406.699000,0
2022.01.02,22:27,16406.617000,16409.589000,16406.239000,16408.519000,0
2022.01.02,22:28,16408.587000,16409.129000,16407.329000,16408.329000,0
2022.01.02,22:29,16408.709000,16411.389000,16408.189000,16410.149000,0
2022.01.02,22:30,16410.309000,16412.159000,16409.809000,16412.049000,0
2022.01.02,22:31,16411.989000,16411.989000,16409.339000,16410.319000,0
2022.01.02,22:32,16410.519000,16411.089000,16410.159000,16411.089000,0
2022.01.02,22:33,16411.027000,16411.099000,16408.579000,16408.889000,0
2022.01.02,22:34,16409.039000,16409.099000,16407.589000,16408.629000,0
2022.01.02,22:35,16408.617000,16408.769000,16405.819000,16407.369000,0
2022.01.02,22:36,16407.569000,16407.899000,16405.759000,16405.899000,0
2022.01.02,22:37,16406.399000,16406.409000,16404.219000,16404.219000,0
2022.01.02,22:38,16404.197000,16406.089000,16404.049000,16405.379000,0
2022.01.02,22:39,16405.337000,16405.397000,16404.159000,16404.709000,0
2022.01.02,22:40,16404.777000,16404.777000,16401.839000,16403.569000,0
2022.01.02,22:41,16403.319000,16405.399000,16402.619000,16404.549000,0
2022.01.02,22:42,16404.689000,16404.689000,16403.599000,16404.589000,0
2022.01.02,22:43,16404.569000,16407.109000,16404.529000,16405.919000,0
2022.01.02,22:44,16405.887000,16408.219000,16405.119000,16408.079000,0
2022.01.02,22:45,16407.729000,16408.289000,16406.809000,16407.859000,0
2022.01.02,22:46,16408.109000,16408.109000,16406.139000,16406.279000,0
2022.01.02,22:47,16405.819000,16406.789000,16405.519000,16406.357000,0
2022.01.02,22:48,16406.319000,16406.669000,16405.319000,16405.359000,0
2022.01.02,22:49,16405.589000,16409.109000,16405.589000,16408.219000,0
2022.01.02,22:50,16408.359000,16409.989000,16407.599000,16408.069000,0
2022.01.02,22:51,16408.299000,16408.797000,16407.659000,16407.739000,0
2022.01.02,22:52,16407.709000,16408.409000,16406.889000,16407.199000,0
2022.01.02,22:53,16407.117000,16407.599000,16406.719000,16407.369000,0
2022.01.02,22:54,16407.209000,16407.399000,16406.119000,16407.089000,0
2022.01.02,22:55,16406.689000,16407.799000,16405.609000,16405.609000,0
2022.01.02,22:56,16405.769000,16406.099000,16404.369000,16406.039000,0
2022.01.02,22:57,16406.269000,16408.399000,16406.269000,16407.359000,0
2022.01.02,22:58,16407.609000,16408.799000,16405.539000,16408.189000,0
2022.01.02,22:59,16408.207000,16408.409000,16406.899000,16408.129000,0
2022.01.02,23:00,16408.599000,16408.919000,16407.239000,16408.239000,0
2022.01.02,23:01,16408.639000,16409.089000,16405.589000,16406.199000,0
2022.01.02,23:02,16406.579000,16406.849000,16404.079000,16404.829000,0
2022.01.02,23:03,16405.079000,16405.859000,16404.559000,16405.259000,0
2022.01.02,23:04,16405.739000,16406.489000,16405.079000,16405.149000,0
2022.01.02,23:05,16405.319000,16407.789000,16405.309000,16406.379000,0
2022.01.02,23:06,16406.919000,16409.159000,16406.139000,16406.509000,0
2022.01.02,23:07,16406.679000,16407.799000,16406.219000,16406.579000,0
2022.01.02,23:08,16407.119000,16408.389000,16407.049000,16407.349000,0
2022.01.02,23:09,16407.559000,16407.899000,16406.829000,16407.499000,0
2022.01.02,23:10,16407.339000,16407.599000,16406.239000,16407.489000,0
2022.01.02,23:11,16406.989000,16406.989000,16406.079000,16406.649000,0
2022.01.02,23:12,16406.769000,16406.899000,16405.179000,16405.809000,0
2022.01.02,23:13,16406.069000,16406.119000,16405.549000,16405.579000,0
2022.01.02,23:14,16405.419000,16406.599000,16405.009000,16405.099000,0
2022.01.02,23:15,16405.017000,16408.599000,16404.339000,16408.109000,0
2022.01.02,23:16,16408.409000,16408.589000,16407.399000,16408.399000,0
2022.01.02,23:17,16407.919000,16408.217000,16406.869000,16408.079000,0
2022.01.02,23:18,16407.909000,16407.909000,16407.109000,16407.249000,0
2022.01.02,23:19,16407.699000,16408.079000,16407.649000,16408.079000,0
2022.01.02,23:20,16407.639000,16407.919000,16406.529000,16407.369000,0
2022.01.02,23:21,16408.209000,16408.619000,16408.029000,16408.259000,0
2022.01.02,23:22,16408.277000,16408.277000,16405.849000,16406.239000,0
2022.01.02,23:23,16406.349000,16406.599000,16404.829000,16405.389000,0
2022.01.02,23:24,16405.609000,16407.119000,16404.879000,16406.399000,0
2022.01.02,23:25,16406.519000,16407.189000,16406.307000,16406.829000,0
2022.01.02,23:26,16407.019000,16407.299000,16406.279000,16406.279000,0
2022.01.02,23:27,16406.559000,16406.569000,16405.099000,16405.699000,0
2022.01.02,23:28,16406.579000,16407.539000,16405.869000,16407.539000,0
2022.01.02,23:29,16407.889000,16408.399000,16406.319000,16406.639000,0
2022.01.02,23:30,16407.399000,16407.599000,16406.699000,16406.699000,0
2022.01.02,23:31,16407.259000,16407.709000,16406.629000,16406.869000,0
2022.01.02,23:32,16406.867000,16406.867000,16406.219000,16406.559000,0
2022.01.02,23:33,16406.677000,16407.807000,16406.677000,16407.659000,0
2022.01.02,23:34,16407.677000,16408.069000,16406.829000,16408.069000,0
2022.01.02,23:35,16408.077000,16408.289000,16406.729000,16407.259000,0
2022.01.02,23:36,16407.589000,16408.399000,16407.589000,16408.019000,0
2022.01.02,23:37,16408.047000,16408.589000,16407.159000,16407.559000,0
2022.01.02,23:38,16407.089000,16407.289000,16407.019000,16407.279000,0
2022.01.02,23:39,16407.399000,16407.899000,16407.069000,16407.539000,0
2022.01.02,23:40,16407.699000,16408.389000,16406.829000,16406.899000,0
2022.01.02,23:41,16407.069000,16407.699000,16406.589000,16407.399000,0
2022.01.02,23:42,16407.387000,16407.699000,16407.239000,16407.659000,0
2022.01.02,23:43,16407.687000,16408.789000,16407.569000,16408.139000,0
2022.01.02,23:44,16408.769000,16408.889000,16407.339000,16408.339000,0
2022.01.02,23:45,16408.309000,16408.599000,16407.029000,16407.709000,0
2022.01.02,23:46,16407.667000,16407.799000,16406.679000,16406.769000,0
2022.01.02,23:47,16407.019000,16407.029000,16406.019000,16406.319000,0
2022.01.02,23:48,16406.109000,16406.899000,16405.649000,16406.699000,0
2022.01.02,23:49,16406.637000,16407.789000,16406.109000,16406.649000,0
2022.01.02,23:50,16407.199000,16407.489000,16405.839000,16406.299000,0
2022.01.02,23:51,16406.329000,16407.299000,16406.229000,16406.499000,0
2022.01.02,23:52,16406.297000,16407.289000,16406.139000,16406.809000,0
2022.01.02,23:53,16407.169000,16407.609000,16406.799000,16407.599000,0
2022.01.02,23:54,16408.079000,16408.809000,16407.739000,16408.199000,0
2022.01.02,23:55,16407.609000,16410.489000,16407.609000,16407.639000,0
2022.01.02,23:56,16408.119000,16408.399000,16406.839000,16407.309000,0
2022.01.02,23:57,16407.327000,16408.399000,16406.819000,16406.879000,0
2022.01.02,23:58,16407.169000,16408.359000,16406.889000,16408.349000,0
2022.01.02,23:59,16408.659000,16411.349000,16408.619000,16411.349000,0
2022.01.03,00:00,16411.679000,16412.717000,16411.039000,16411.859000,0
2022.01.03,00:01,16411.809000,16412.409000,16409.829000,16410.789000,0
2022.01.03,00:02,16410.537000,16410.537000,16408.899000,16409.859000,0
2022.01.03,00:03,16410.069000,16412.699000,16409.839000,16411.629000,0
2022.01.03,00:04,16411.729000,16412.699000,16411.239000,16412.699000,0
2022.01.03,00:05,16412.657000,16413.089000,16410.349000,16410.709000,0
2022.01.03,00:06,16410.727000,16411.299000,16410.399000,16410.839000,0
2022.01.03,00:07,16411.109000,16411.219000,16409.559000,16409.609000,0
2022.01.03,00:08,16409.119000,16409.879000,16408.349000,16409.189000,0
2022.01.03,00:09,16409.639000,16409.689000,16408.809000,16409.089000,0
2022.01.03,00:10,16409.549000,16409.549000,16406.629000,16406.729000,0
2022.01.03,00:11,16406.717000,16406.919000,16403.519000,16406.489000,0
2022.01.03,00:12,16406.539000,16407.799000,16406.219000,16407.799000,0
2022.01.03,00:13,16407.727000,16407.799000,16407.049000,16407.789000,0
2022.01.03,00:14,16407.109000,16408.599000,16406.819000,16408.219000,0
2022.01.03,00:15,16408.217000,16408.499000,16407.309000,16407.589000,0
2022.01.03,00:16,16407.419000,16407.419000,16406.729000,16406.729000,0
2022.01.03,00:17,16407.009000,16407.109000,16405.849000,16406.619000,0
2022.01.03,00:18,16406.759000,16409.599000,16406.759000,16409.199000,0
2022.01.03,00:19,16409.409000,16410.899000,16409.329000,16410.359000,0
2022.01.03,00:20,16410.539000,16410.799000,16409.819000,16409.819000,0
2022.01.03,00:21,16410.029000,16410.079000,16409.219000,16409.819000,0
2022.01.03,00:22,16409.349000,16409.989000,16408.537000,16408.699000,0
2022.01.03,00:23,16408.779000,16409.579000,16408.677000,16409.129000,0
2022.01.03,00:24,16409.207000,16410.199000,16408.559000,16409.889000,0
2022.01.03,00:25,16410.109000,16410.309000,16407.179000,16408.059000,0
2022.01.03,00:26,16408.057000,16409.619000,16406.569000,16409.619000,0
2022.01.03,00:27,16409.119000,16409.399000,16408.249000,16408.299000,0
2022.01.03,00:28,16408.619000,16409.079000,16408.159000,16408.399000,0
2022.01.03,00:29,16408.317000,16409.099000,16408.239000,16408.907000,0
2022.01.03,00:30,16408.799000,16409.089000,16407.039000,16407.299000,0
2022.01.03,00:31,16407.669000,16408.579000,16406.549000,16408.499000,0
2022.01.03,00:32,16408.589000,16409.519000,16408.349000,16409.509000,0
2022.01.03,00:33,16409.659000,16410.409000,16408.729000,16409.759000,0
2022.01.03,00:34,16409.777000,16410.389000,16409.019000,16410.389000,0
2022.01.03,00:35,16410.377000,16412.057000,16410.219000,16411.729000,0
2022.01.03,00:36,16412.069000,16412.099000,16409.919000,16410.689000,0
2022.01.03,00:37,16410.789000,16411.389000,16409.829000,16409.829000,0
2022.01.03,00:38,16409.619000,16411.299000,16408.569000,16409.119000,0
2022.01.03,00:39,16409.349000,16409.827000,16409.239000,16409.679000,0
2022.01.03,00:40,16409.647000,16410.289000,16409.349000,16410.029000,0
2022.01.03,00:41,16410.659000,16411.379000,16410.019000,16411.149000,0
2022.01.03,00:42,16410.829000,16414.399000,16410.829000,16413.809000,0
2022.01.03,00:43,16413.837000,16414.687000,16412.139000,16412.599000,0
2022.01.03,00:44,16412.669000,16413.389000,16412.669000,16413.119000,0
2022.01.03,00:45,16413.179000,16413.289000,16411.739000,16412.839000,0
2022.01.03,00:46,16412.709000,16413.289000,16411.769000,16412.049000,0
2022.01.03,00:47,16411.769000,16412.609000,16411.629000,16412.209000,0
2022.01.03,00:48,16412.127000,16412.127000,16410.869000,16411.649000,0
2022.01.03,00:49,16411.899000,16412.079000,16410.759000,16412.039000,0
2022.01.03,00:50,16411.759000,16411.999000,16409.349000,16410.039000,0
2022.01.03,00:51,16410.037000,16410.037000,16408.409000,16408.799000,0
2022.01.03,00:52,16408.747000,16409.399000,16408.569000,16409.089000,0
2022.01.03,00:53,16409.199000,16409.609000,16409.019000,16409.139000,0
2022.01.03,00:54,16409.559000,16410.759000,16409.289000,16410.389000,0
2022.01.03,00:55,16410.669000,16412.289000,16410.019000,16412.219000,0
2022.01.03,00:56,16412.267000,16412.267000,16410.309000,16411.139000,0
2022.01.03,00:57,16410.819000,16411.099000,16409.769000,16410.389000,0
2022.01.03,00:58,16410.789000,16411.389000,16409.709000,16410.509000,0
2022.01.03,00:59,16411.219000,16412.699000,16409.639000,16409.639000,0
2022.01.03,01:00,16409.269000,16412.499000,16409.159000,16412.289000,0
2022.01.03,01:01,16411.819000,16412.289000,16410.739000,16411.619000,0
2022.01.03,01:02,16411.759000,16412.289000,16409.379000,16410.269000,0
2022.01.03,01:03,16410.289000,16413.199000,16409.869000,16413.089000,0
2022.01.03,01:04,16413.159000,16413.499000,16412.399000,16413.029000,0
2022.01.03,01:05,16413.499000,16413.499000,16409.049000,16409.709000,0
2022.01.03,01:06,16409.809000,16410.299000,16408.089000,16410.299000,0
2022.01.03,01:07,16410.669000,16410.707000,16409.319000,16409.999000,0
2022.01.03,01:08,16409.889000,16410.699000,16407.029000,16407.309000,0
2022.01.03,01:09,16407.309000,16407.917000,16402.619000,16405.099000,0
2022.01.03,01:10,16405.199000,16405.219000,16397.839000,16398.699000,0
2022.01.03,01:11,16399.199000,16400.889000,16393.709000,16394.879000,0
2022.01.03,01:12,16394.907000,16400.099000,16393.859000,16397.839000,0
2022.01.03,01:13,16398.339000,16400.049000,16396.669000,16399.519000,0
2022.01.03,01:14,16399.629000,16401.489000,16396.689000,16397.639000,0
2022.01.03,01:15,16398.089000,16398.889000,16397.209000,16398.019000,0
2022.01.03,01:16,16398.819000,16400.209000,16398.319000,16399.409000,0
2022.01.03,01:17,16399.317000,16400.389000,16398.649000,16399.639000,0
2022.01.03,01:18,16400.229000,16400.599000,16393.019000,16393.889000,0
2022.01.03,01:19,16393.999000,16398.089000,16393.719000,16397.629000,0
2022.01.03,01:20,16397.279000,16403.779000,16396.169000,16401.859000,0
2022.01.03,01:21,16401.887000,16403.999000,16401.349000,16403.839000,0
2022.01.03,01:22,16404.039000,16404.309000,16401.337000,16401.489000,0
2022.01.03,01:23,16401.329000,16402.409000,16399.739000,16400.889000,0
2022.01.03,01:24,16400.827000,16402.379000,16400.319000,16401.299000,0
2022.01.03,01:25,16401.379000,16402.619000,16399.839000,16402.179000,0
2022.01.03,01:26,16402.319000,16403.089000,16402.059000,16402.109000,0
2022.01.03,01:27,16402.519000,16402.619000,16401.329000,16402.199000,0
2022.01.03,01:28,16402.489000,16403.097000,16401.129000,16402.649000,0
2022.01.03,01:29,16402.909000,16404.149000,16402.709000,16402.709000,0
2022.01.03,01:30,16402.717000,16406.059000,16393.219000,16396.489000,0
2022.01.03,01:31,16395.809000,16400.399000,16393.869000,16400.239000,0
2022.01.03,01:32,16400.339000,16401.089000,16398.059000,16398.099000,0
2022.01.03,01:33,16397.619000,16397.689000,16394.829000,16395.819000,0
2022.01.03,01:34,16395.777000,16397.799000,16395.559000,16397.589000,0
2022.01.03,01:35,16397.389000,16397.789000,16394.859000,16395.899000,0
2022.01.03,01:36,16395.809000,16396.299000,16387.419000,16390.059000,0
2022.01.03,01:37,16390.169000,16393.399000,16385.739000,16385.749000,0
2022.01.03,01:38,16385.059000,16391.389000,16385.059000,16389.829000,0
2022.01.03,01:39,16389.857000,16391.599000,16388.859000,16391.599000,0
2022.01.03,01:40,16391.529000,16392.689000,16387.609000,16392.109000,0
2022.01.03,01:41,16392.369000,16395.389000,16392.329000,16394.649000,0
2022.01.03,01:42,16395.309000,16396.049000,16394.819000,16395.379000,0
2022.01.03,01:43,16395.387000,16397.399000,16395.129000,16396.779000,0
2022.01.03,01:44,16397.159000,16397.309000,16394.559000,16395.319000,0
2022.01.03,01:45,16395.387000,16396.899000,16394.889000,16395.569000,0
2022.01.03,01:46,16395.589000,16395.799000,16393.729000,16395.579000,0
2022.01.03,01:47,16395.029000,16395.209000,16393.529000,16394.339000,0
2022.01.03,01:48,16394.337000,16394.889000,16392.029000,16392.099000,0
2022.01.03,01:49,16391.779000,16395.409000,16391.349000,16395.019000,0
2022.01.03,01:50,16395.017000,16395.889000,16394.509000,16394.899000,0
2022.01.03,01:51,16395.259000,16397.319000,16393.849000,16396.329000,0
2022.01.03,01:52,16396.759000,16397.589000,16395.329000,16396.859000,0
2022.01.03,01:53,16397.109000,16397.197000,16395.099000,16396.159000,0
2022.01.03,01:54,16396.499000,16397.409000,16396.189000,16396.879000,0
2022.01.03,01:55,16397.489000,16400.039000,16396.879000,16397.869000,0
2022.01.03,01:56,16398.079000,16399.799000,16398.079000,16399.349000,0
2022.01.03,01:57,16399.529000,16399.999000,16398.549000,16399.359000,0
2022.01.03,01:58,16399.579000,16401.669000,16399.519000,16400.359000,0
2022.01.03,01:59,16400.519000,16401.689000,16399.179000,16399.219000,0
2022.01.03,02:00,16398.839000,16400.379000,16393.839000,16397.119000,0
2022.01.03,02:01,16397.177000,16398.409000,16395.609000,16395.709000,0
2022.01.03,02:02,16395.709000,16396.589000,16393.189000,16395.889000,0
2022.01.03,02:03,16395.637000,16397.409000,16394.599000,16396.379000,0
2022.01.03,02:04,16396.529000,16396.989000,16394.759000,16394.849000,0
2022.01.03,02:05,16394.399000,16396.397000,16393.299000,16394.679000,0
2022.01.03,02:06,16394.799000,16396.899000,16394.359000,16395.419000,0
2022.01.03,02:07,16395.377000,16398.099000,16395.229000,16396.789000,0
2022.01.03,02:08,16396.399000,16396.919000,16394.809000,16395.289000,0
2022.01.03,02:09,16395.579000,16395.597000,16392.089000,16393.139000,0
2022.01.03,02:10,16393.599000,16393.599000,16391.179000,16391.619000,0
2022.01.03,02:11,16392.049000,16392.049000,16387.319000,16388.529000,0
2022.01.03,02:12,16388.829000,16391.277000,16388.089000,16389.549000,0
2022.01.03,02:13,16389.577000,16391.599000,16389.309000,16391.599000,0
2022.01.03,02:14,16391.219000,16391.397000,16388.139000,16389.599000,0
2022.01.03,02:15,16388.569000,16389.389000,16387.209000,16389.099000,0
2022.01.03,02:16,16388.789000,16389.399000,16386.839000,16388.399000,0
2022.01.03,02:17,16388.387000,16389.719000,16386.869000,16389.029000,0
2022.01.03,02:18,16388.719000,16389.119000,16387.309000,16389.119000,0
2022.01.03,02:19,16388.749000,16391.669000,16384.389000,16390.569000,0
2022.01.03,02:20,16390.659000,16390.719000,16388.339000,16388.699000,0
2022.01.03,02:21,16389.239000,16390.869000,16389.079000,16390.819000,0
2022.01.03,02:22,16390.897000,16391.329000,16389.339000,16391.329000,0
2022.01.03,02:23,16391.699000,16392.289000,16389.189000,16389.289000,0
2022.01.03,02:24,16389.257000,16390.909000,16389.149000,16390.199000,0
2022.01.03,02:25,16388.399000,16389.099000,16387.049000,16388.029000,0
2022.01.03,02:26,16387.559000,16392.199000,16386.619000,16392.199000,0
2022.01.03,02:27,16392.217000,16393.799000,16391.019000,16392.519000,0
2022.01.03,02:28,16392.049000,16394.709000,16391.829000,16392.809000,0
2022.01.03,02:29,16392.847000,16392.847000,16390.309000,16390.719000,0
2022.01.03,02:30,16390.819000,16391.689000,16387.819000,16388.169000,0
2022.01.03,02:31,16387.779000,16389.689000,16387.729000,16389.399000,0
2022.01.03,02:32,16389.519000,16390.409000,16389.209000,16389.869000,0
2022.01.03,02:33,16390.099000,16392.099000,16390.049000,16391.219000,0
2022.01.03,02:34,16391.379000,16392.599000,16391.309000,16391.689000,0
2022.01.03,02:35,16391.489000,16391.589000,16390.069000,16390.539000,0
2022.01.03,02:36,16390.899000,16390.899000,16388.679000,16389.909000,0
2022.01.03,02:37,16389.489000,16390.307000,16387.609000,16388.099000,0
2022.01.03,02:38,16388.139000,16389.587000,16387.039000,16387.079000,0
2022.01.03,02:39,16387.349000,16389.069000,16387.129000,16387.629000,0
2022.01.03,02:40,16387.799000,16390.089000,16387.319000,16389.709000,0
2022.01.03,02:41,16389.769000,16391.259000,16388.319000,16390.749000,0
2022.01.03,02:42,16390.299000,16391.579000,16389.649000,16390.889000,0
2022.01.03,02:43,16390.819000,16391.299000,16390.049000,16390.659000,0
2022.01.03,02:44,16390.999000,16392.269000,16390.999000,16391.889000,0
2022.01.03,02:45,16391.857000,16393.387000,16391.109000,16391.649000,0
2022.01.03,02:46,16391.617000,16393.579000,16391.219000,16393.529000,0
2022.01.03,02:47,16393.759000,16394.219000,16392.109000,16393.309000,0
2022.01.03,02:48,16393.319000,16394.129000,16391.629000,16391.679000,0
2022.01.03,02:49,16391.409000,16394.099000,16391.279000,16394.019000,0
2022.01.03,02:50,16393.799000,16393.799000,16391.089000,16391.599000,0
2022.01.03,02:51,16391.899000,16392.749000,16391.709000,16392.379000,0
2022.01.03,02:52,16392.347000,16393.199000,16392.129000,16393.089000,0
2022.01.03,02:53,16393.359000,16395.299000,16393.329000,16394.719000,0
2022.01.03,02:54,16394.889000,16398.809000,16394.669000,16398.119000,0
2022.01.03,02:55,16398.117000,16400.689000,16397.819000,16400.689000,0
2022.01.03,02:56,16400.617000,16400.999000,16397.609000,16400.159000,0
2022.01.03,02:57,16400.419000,16403.399000,16399.259000,16403.379000,0
2022.01.03,02:58,16403.649000,16404.299000,16402.659000,16403.397000,0
2022.01.03,02:59,16403.159000,16404.299000,16400.709000,16401.389000,0
2022.01.03,03:00,16401.109000,16403.309000,16399.659000,16401.239000,0
2022.01.03,03:01,16401.899000,16405.089000,16401.039000,16402.639000,0
2022.01.03,03:02,16402.697000,16404.209000,16401.519000,16402.029000,0
2022.01.03,03:03,16402.057000,16404.899000,16399.369000,16400.699000,0
2022.01.03,03:04,16400.657000,16403.039000,16398.319000,16398.369000,0
2022.01.03,03:05,16398.639000,16400.869000,16396.719000,16399.859000,0
2022.01.03,03:06,16399.877000,16401.499000,16398.619000,16400.999000,0
2022.01.03,03:07,16400.739000,16401.347000,16397.059000,16399.247000,0
2022.01.03,03:08,16399.199000,16400.709000,16398.379000,16399.179000,0
2022.01.03,03:09,16399.189000,16400.099000,16395.199000,16395.589000,0
2022.01.03,03:10,16396.709000,16399.399000,16395.749000,16398.999000,0
2022.01.03,03:11,16399.299000,16399.599000,16395.619000,16397.709000,0
2022.01.03,03:12,16397.799000,16398.489000,16394.669000,16398.319000,0
2022.01.03,03:13,16398.399000,16401.599000,16397.079000,16401.239000,0
2022.01.03,03:14,16401.247000,16403.799000,16401.189000,16403.399000,0
2022.01.03,03:15,16403.049000,16410.309000,16401.819000,16408.779000,0
2022.01.03,03:16,16407.919000,16410.079000,16407.129000,16409.199000,0
2022.01.03,03:17,16408.859000,16408.859000,16405.169000,16405.229000,0
2022.01.03,03:18,16405.257000,16407.829000,16405.199000,16406.319000,0
2022.01.03,03:19,16406.579000,16407.869000,16403.119000,16403.889000,0
2022.01.03,03:20,16403.827000,16406.619000,16403.169000,16404.419000,0
2022.01.03,03:21,16404.199000,16406.709000,16403.699000,16405.519000,0
2022.01.03,03:22,16405.557000,16407.889000,16404.129000,16406.917000,0
2022.01.03,03:23,16406.809000,16409.389000,16405.619000,16408.819000,0
2022.01.03,03:24,16408.909000,16410.789000,16407.589000,16408.849000,0
2022.01.03,03:25,16408.819000,16409.289000,16405.709000,16407.059000,0
2022.01.03,03:26,16407.189000,16407.389000,16405.169000,16405.829000,0
2022.01.03,03:27,16405.837000,16406.719000,16404.519000,16406.289000,0
2022.01.03,03:28,16405.839000,16407.299000,16404.559000,16405.759000,0
2022.01.03,03:29,16405.727000,16408.789000,16405.649000,16407.289000,0
2022.01.03,03:30,16407.389000,16408.179000,16405.149000,16405.889000,0
2022.01.03,03:31,16406.059000,16407.499000,16405.269000,16406.639000,0
2022.01.03,03:32,16406.719000,16407.389000,16405.679000,16407.319000,0
2022.01.03,03:33,16408.019000,16408.119000,16405.829000,16406.499000,0
2022.01.03,03:34,16406.409000,16406.409000,16404.009000,16405.029000,0
2022.01.03,03:35,16405.219000,16406.489000,16404.619000,16406.089000,0
2022.01.03,03:36,16406.179000,16406.609000,16405.389000,16405.789000,0
2022.01.03,03:37,16405.879000,16407.299000,16404.809000,16406.529000,0
2022.01.03,03:38,16406.689000,16408.989000,16405.119000,16408.619000,0
2022.01.03,03:39,16408.637000,16409.069000,16406.629000,16407.259000,0
2022.01.03,03:40,16407.319000,16407.489000,16405.259000,16405.659000,0
2022.01.03,03:41,16405.749000,16408.119000,16405.239000,16407.899000,0
2022.01.03,03:42,16407.789000,16409.069000,16407.599000,16408.069000,0
2022.01.03,03:43,16407.679000,16409.599000,16406.079000,16406.289000,0
2022.01.03,03:44,16406.209000,16408.389000,16404.709000,16407.029000,0
2022.01.03,03:45,16407.389000,16407.389000,16405.779000,16406.149000,0
2022.01.03,03:46,16406.409000,16407.299000,16403.729000,16404.139000,0
2022.01.03,03:47,16404.309000,16404.329000,16403.029000,16403.619000,0
2022.01.03,03:48,16403.699000,16403.707000,16401.099000,16402.549000,0
2022.01.03,03:49,16402.587000,16403.789000,16401.229000,16401.919000,0
2022.01.03,03:50,16401.819000,16402.799000,16399.269000,16399.269000,0
2022.01.03,03:51,16399.529000,16400.379000,16396.559000,16397.239000,0
2022.01.03,03:52,16397.799000,16399.237000,16394.569000,16397.679000,0
2022.01.03,03:53,16397.839000,16399.999000,16396.129000,16396.819000,0
2022.01.03,03:54,16396.837000,16397.639000,16390.339000,16392.289000,0
2022.01.03,03:55,16392.027000,16392.349000,16388.359000,16392.339000,0
2022.01.03,03:56,16392.569000,16394.319000,16390.757000,16393.579000,0
2022.01.03,03:57,16393.669000,16395.089000,16392.849000,16394.669000,0
2022.01.03,03:58,16394.687000,16395.809000,16393.109000,16393.709000,0
2022.01.03,03:59,16393.889000,16393.897000,16387.559000,16389.159000,0
2022.01.03,04:00,16389.589000,16396.789000,16389.339000,16396.709000,0
2022.01.03,04:01,16397.089000,16399.389000,16396.119000,16398.739000,0
2022.01.03,04:02,16399.049000,16399.599000,16397.529000,16398.669000,0
2022.01.03,04:03,16399.269000,16399.269000,16396.039000,16397.609000,0
2022.01.03,04:04,16397.627000,16398.999000,16396.559000,16398.379000,0
2022.01.03,04:05,16398.317000,16399.169000,16396.709000,16399.099000,0
2022.01.03,04:06,16398.599000,16398.599000,16393.539000,16394.699000,0
2022.01.03,04:07,16394.667000,16396.859000,16393.399000,16394.689000,0
2022.01.03,04:08,16394.607000,16396.367000,16392.309000,16395.689000,0
2022.01.03,04:09,16396.159000,16397.789000,16395.569000,16397.109000,0
2022.01.03,04:10,16396.209000,16400.389000,16396.209000,16400.099000,0
2022.01.03,04:11,16400.319000,16402.789000,16399.839000,16402.509000,0
2022.01.03,04:12,16402.269000,16403.209000,16400.769000,16402.009000,0
2022.01.03,04:13,16402.209000,16402.789000,16399.649000,16401.819000,0
2022.01.03,04:14,16402.089000,16406.159000,16400.619000,16405.069000,0
2022.01.03,04:15,16404.789000,16406.499000,16404.059000,16406.079000,0
2022.01.03,04:16,16405.609000,16405.999000,16400.519000,16400.769000,0
2022.01.03,04:17,16400.909000,16402.099000,16395.549000,16397.089000,0
2022.01.03,04:18,16397.629000,16398.669000,16394.679000,16395.739000,0
2022.01.03,04:19,16395.329000,16398.399000,16395.279000,16396.039000,0
2022.01.03,04:20,16396.089000,16398.889000,16395.309000,16398.629000,0
2022.01.03,04:21,16398.829000,16400.099000,16397.509000,16398.629000,0
2022.01.03,04:22,16398.889000,16400.299000,16398.329000,16399.639000,0
2022.01.03,04:23,16400.089000,16400.739000,16398.669000,16400.739000,0
2022.01.03,04:24,16400.619000,16402.499000,16400.019000,16402.139000,0
2022.01.03,04:25,16402.217000,16403.289000,16400.639000,16402.729000,0
2022.01.03,04:26,16402.727000,16403.089000,16401.519000,16402.159000,0
2022.01.03,04:27,16402.709000,16403.289000,16399.629000,16399.819000,0
2022.01.03,04:28,16399.839000,16400.489000,16397.609000,16398.579000,0
2022.01.03,04:29,16398.629000,16400.707000,16398.629000,16398.849000,0
2022.01.03,04:30,16398.709000,16401.049000,16398.629000,16400.529000,0
2022.01.03,04:31,16400.577000,16400.577000,16397.779000,16398.219000,0
2022.01.03,04:32,16398.329000,16398.809000,16394.819000,16395.859000,0
2022.01.03,04:33,16396.059000,16396.737000,16393.549000,16396.219000,0
2022.01.03,04:34,16396.247000,16399.759000,16395.209000,16398.789000,0
2022.01.03,04:35,16399.409000,16400.899000,16399.129000,16400.339000,0
2022.01.03,04:36,16400.319000,16401.109000,16399.549000,16400.049000,0
2022.01.03,04:37,16400.199000,16400.199000,16398.529000,16398.749000,0
2022.01.03,04:38,16398.809000,16400.099000,16397.239000,16399.559000,0
2022.01.03,04:39,16399.899000,16401.089000,16397.249000,16398.129000,0
2022.01.03,04:40,16398.179000,16400.299000,16397.599000,16399.309000,0
2022.01.03,04:41,16399.089000,16400.407000,16398.069000,16400.119000,0
2022.01.03,04:42,16400.209000,16400.699000,16397.719000,16400.289000,0
2022.01.03,04:43,16400.329000,16400.799000,16399.329000,16400.519000,0
2022.01.03,04:44,16400.779000,16401.389000,16399.749000,16400.709000,0
2022.01.03,04:45,16400.667000,16403.399000,16400.519000,16403.159000,0
2022.01.03,04:46,16403.147000,16403.199000,16401.059000,16402.269000,0
2022.01.03,04:47,16401.829000,16402.299000,16400.609000,16401.389000,0
2022.01.03,04:48,16401.397000,16403.389000,16401.109000,16403.219000,0
2022.01.03,04:49,16403.389000,16405.389000,16403.329000,16405.049000,0
2022.01.03,04:50,16404.579000,16405.799000,16404.049000,16405.389000,0
2022.01.03,04:51,16405.549000,16408.659000,16405.179000,16408.159000,0
2022.01.03,04:52,16408.279000,16409.549000,16408.089000,16408.819000,0
2022.01.03,04:53,16409.059000,16410.389000,16408.029000,16410.109000,0
2022.01.03,04:54,16410.017000,16410.099000,16407.039000,16408.249000,0
2022.01.03,04:55,16408.409000,16410.119000,16406.199000,16407.109000,0
2022.01.03,04:56,16407.499000,16410.789000,16407.039000,16408.729000,0
2022.01.03,04:57,16407.859000,16409.899000,16407.749000,16409.239000,0
2022.01.03,04:58,16409.317000,16413.899000,16409.199000,16412.799000,0
2022.01.03,04:59,16412.807000,16413.799000,16412.579000,16413.039000,0
2022.01.03,05:00,16413.069000,16415.679000,16413.069000,16414.229000,0
2022.01.03,05:01,16414.319000,16415.789000,16413.239000,16415.379000,0
2022.01.03,05:02,16415.619000,16415.889000,16413.229000,16413.239000,0
2022.01.03,05:03,16413.297000,16413.499000,16411.229000,16413.139000,0
2022.01.03,05:04,16413.217000,16413.299000,16410.749000,16410.779000,0
2022.01.03,05:05,16410.797000,16411.599000,16410.559000,16410.789000,0
2022.01.03,05:06,16410.879000,16413.389000,16410.729000,16413.129000,0
2022.01.03,05:07,16413.187000,16413.399000,16410.749000,16410.819000,0
2022.01.03,05:08,16410.839000,16411.789000,16410.629000,16411.589000,0
2022.01.03,05:09,16411.619000,16413.109000,16410.559000,16412.369000,0
2022.01.03,05:10,16412.289000,16416.699000,16412.129000,16415.779000,0
2022.01.03,05:11,16415.779000,16419.259000,16415.659000,16419.219000,0
2022.01.03,05:12,16419.399000,16420.289000,16417.539000,16417.539000,0
2022.01.03,05:13,16417.629000,16420.709000,16417.569000,16419.659000,0
2022.01.03,05:14,16419.369000,16420.609000,16419.029000,16420.589000,0
2022.01.03,05:15,16420.679000,16423.769000,16420.569000,16423.289000,0
2022.01.03,05:16,16423.119000,16424.199000,16420.789000,16421.649000,0
2022.01.03,05:17,16421.129000,16421.699000,16419.759000,16420.079000,0
2022.01.03,05:18,16420.179000,16422.769000,16418.879000,16419.339000,0
2022.01.03,05:19,16419.579000,16420.889000,16419.419000,16420.559000,0
2022.01.03,05:20,16420.709000,16423.989000,16420.519000,16423.209000,0
2022.01.03,05:21,16423.519000,16423.889000,16422.109000,16423.219000,0
2022.01.03,05:22,16423.349000,16429.109000,16423.319000,16428.379000,0
2022.01.03,05:23,16428.509000,16428.789000,16424.599000,16425.169000,0
2022.01.03,05:24,16425.289000,16425.297000,16422.839000,16423.999000,0
2022.01.03,05:25,16423.819000,16426.599000,16423.819000,16424.899000,0
2022.01.03,05:26,16424.907000,16427.749000,16423.829000,16426.319000,0
2022.01.03,05:27,16426.659000,16428.999000,16426.099000,16426.809000,0
2022.01.03,05:28,16426.899000,16426.899000,16423.819000,16425.679000,0
2022.01.03,05:29,16425.819000,16428.769000,16425.819000,16428.009000,0
2022.01.03,05:30,16428.149000,16429.089000,16425.709000,16425.709000,0
2022.01.03,05:31,16425.879000,16426.989000,16424.159000,16425.529000,0
2022.01.03,05:32,16425.577000,16426.819000,16424.039000,16424.859000,0
2022.01.03,05:33,16425.639000,16426.579000,16425.119000,16426.579000,0
2022.01.03,05:34,16426.577000,16428.909000,16425.039000,16426.589000,0
2022.01.03,05:35,16425.869000,16427.499000,16424.109000,16424.359000,0
2022.01.03,05:36,16424.139000,16426.389000,16423.529000,16426.059000,0
2022.01.03,05:37,16426.179000,16427.999000,16426.169000,16426.569000,0
2022.01.03,05:38,16426.547000,16427.059000,16424.889000,16427.029000,0
2022.01.03,05:39,16427.219000,16428.399000,16426.059000,16427.159000,0
2022.01.03,05:40,16426.639000,16426.899000,16424.349000,16425.309000,0
2022.01.03,05:41,16425.277000,16425.909000,16424.809000,16425.909000,0
2022.01.03,05:42,16425.159000,16425.299000,16423.719000,16424.599000,0
2022.01.03,05:43,16424.719000,16424.989000,16423.409000,16423.879000,0
2022.01.03,05:44,16424.129000,16427.089000,16424.129000,16427.089000,0
2022.01.03,05:45,16426.639000,16427.119000,16425.809000,16425.899000,0
2022.01.03,05:46,16425.179000,16427.299000,16425.179000,16425.719000,0
2022.01.03,05:47,16425.727000,16425.727000,16423.759000,16424.509000,0
2022.01.03,05:48,16424.279000,16426.099000,16423.649000,16425.889000,0
2022.01.03,05:49,16425.729000,16426.999000,16424.899000,16425.689000,0
2022.01.03,05:50,16425.369000,16425.799000,16423.179000,16424.699000,0
2022.01.03,05:51,16424.799000,16425.089000,16423.209000,16424.759000,0
2022.01.03,05:52,16425.099000,16426.089000,16424.049000,16424.869000,0
2022.01.03,05:53,16424.827000,16425.177000,16424.139000,16424.909000,0
2022.01.03,05:54,16424.887000,16426.059000,16424.829000,16425.399000,0
2022.01.03,05:55,16425.187000,16425.999000,16424.129000,16425.699000,0
2022.01.03,05:56,16425.627000,16426.599000,16425.149000,16425.909000,0
2022.01.03,05:57,16425.857000,16428.989000,16425.699000,16428.739000,0
2022.01.03,05:58,16428.819000,16430.079000,16427.059000,16429.859000,0
2022.01.03,05:59,16430.109000,16430.299000,16427.879000,16428.159000,0
2022.01.03,06:00,16428.579000,16438.289000,16427.579000,16435.799000,0
2022.01.03,06:01,16435.339000,16441.089000,16435.339000,16437.079000,0
2022.01.03,06:02,16436.729000,16438.889000,16434.859000,16436.077000,0
2022.01.03,06:03,16435.909000,16442.049000,16435.909000,16441.587000,0
2022.01.03,06:04,16441.329000,16441.799000,16436.829000,16438.769000,0
2022.01.03,06:05,16438.889000,16440.669000,16437.849000,16439.619000,0
2022.01.03,06:06,16439.789000,16440.579000,16438.219000,16439.049000,0
2022.01.03,06:07,16438.899000,16440.389000,16438.149000,16438.619000,0
2022.01.03,06:08,16438.647000,16442.289000,16438.329000,16442.289000,0
2022.01.03,06:09,16442.169000,16445.669000,16442.059000,16443.419000,0
2022.01.03,06:10,16444.909000,16446.709000,16444.099000,16445.059000,0
2022.01.03,06:11,16445.139000,16446.809000,16444.009000,16446.299000,0
2022.01.03,06:12,16446.709000,16447.069000,16443.769000,16444.119000,0
2022.01.03,06:13,16444.147000,16444.989000,16443.339000,16444.529000,0
2022.01.03,06:14,16444.629000,16445.399000,16442.609000,16442.799000,0
2022.01.03,06:15,16442.689000,16443.989000,16442.309000,16442.639000,0
2022.01.03,06:16,16442.789000,16443.489000,16441.809000,16442.719000,0
2022.01.03,06:17,16442.757000,16443.399000,16442.139000,16442.519000,0
2022.01.03,06:18,16442.769000,16442.769000,16440.249000,16441.909000,0
2022.01.03,06:19,16442.159000,16444.809000,16441.039000,16444.199000,0
2022.01.03,06:20,16444.559000,16448.789000,16444.519000,16448.549000,0
2022.01.03,06:21,16448.577000,16449.099000,16447.599000,16447.789000,0
2022.01.03,06:22,16448.089000,16449.569000,16447.419000,16449.539000,0
2022.01.03,06:23,16450.059000,16450.099000,16448.629000,16449.149000,0
2022.01.03,06:24,16449.409000,16451.899000,16448.699000,16448.699000,0
2022.01.03,06:25,16448.749000,16451.299000,16448.309000,16448.819000,0
2022.01.03,06:26,16448.369000,16449.589000,16447.809000,16449.589000,0
2022.01.03,06:27,16449.407000,16449.407000,16443.549000,16444.629000,0
2022.01.03,06:28,16444.697000,16445.609000,16443.729000,16444.709000,0
2022.01.03,06:29,16444.727000,16445.899000,16444.219000,16445.009000,0
2022.01.03,06:30,16445.309000,16447.889000,16445.019000,16446.599000,0
2022.01.03,06:31,16446.569000,16449.289000,16446.329000,16449.279000,0
2022.01.03,06:32,16449.529000,16450.889000,16447.029000,16447.539000,0
2022.01.03,06:33,16447.619000,16448.809000,16447.619000,16448.089000,0
2022.01.03,06:34,16448.329000,16449.889000,16448.159000,16448.649000,0
2022.01.03,06:35,16448.637000,16449.399000,16448.119000,16449.049000,0
2022.01.03,06:36,16449.319000,16450.289000,16448.629000,16449.299000,0
2022.01.03,06:37,16448.919000,16448.919000,16445.709000,16447.299000,0
2022.01.03,06:38,16447.639000,16450.099000,16447.329000,16449.849000,0
2022.01.03,06:39,16450.029000,16453.799000,16450.009000,16452.149000,0
2022.01.03,06:40,16452.197000,16452.259000,16447.149000,16448.079000,0
2022.01.03,06:41,16446.849000,16448.599000,16446.529000,16447.787000,0
2022.01.03,06:42,16447.529000,16448.999000,16447.529000,16447.869000,0
2022.01.03,06:43,16447.887000,16448.589000,16446.529000,16446.809000,0
2022.01.03,06:44,16446.767000,16446.809000,16443.239000,16444.869000,0
2022.01.03,06:45,16445.499000,16445.499000,16442.519000,16444.089000,0
2022.01.03,06:46,16443.887000,16444.109000,16441.109000,16442.709000,0
2022.01.03,06:47,16442.637000,16444.189000,16441.669000,16442.109000,0
2022.01.03,06:48,16442.169000,16442.189000,16441.119000,16442.019000,0
2022.01.03,06:49,16442.609000,16445.299000,16442.309000,16444.619000,0
2022.01.03,06:50,16444.889000,16444.889000,16442.607000,16443.619000,0
2022.01.03,06:51,16443.517000,16444.789000,16442.689000,16444.549000,0
2022.01.03,06:52,16444.589000,16447.219000,16444.349000,16447.009000,0
2022.01.03,06:53,16447.087000,16449.599000,16446.819000,16448.659000,0
2022.01.03,06:54,16448.667000,16449.299000,16446.569000,16448.029000,0
2022.01.03,06:55,16447.329000,16448.899000,16445.519000,16448.639000,0
2022.01.03,06:56,16448.519000,16452.099000,16447.739000,16450.629000,0
2022.01.03,06:57,16450.989000,16452.399000,16449.829000,16450.619000,0
2022.01.03,06:58,16450.389000,16450.799000,16449.299000,16450.599000,0
2022.01.03,06:59,16450.719000,16451.199000,16448.639000,16449.179000,0
2022.01.03,07:00,16449.349000,16449.349000,16444.749000,16444.859000,0
2022.01.03,07:01,16445.049000,16445.709000,16442.219000,16444.839000,0
2022.01.03,07:02,16444.897000,16445.059000,16442.089000,16443.569000,0
2022.01.03,07:03,16443.669000,16444.609000,16443.129000,16444.589000,0
2022.01.03,07:04,16444.199000,16445.489000,16443.179000,16444.859000,0
2022.01.03,07:05,16444.989000,16445.409000,16442.259000,16444.829000,0
2022.01.03,07:06,16444.539000,16444.819000,16442.019000,16442.099000,0
2022.01.03,07:07,16442.299000,16442.299000,16440.589000,16440.899000,0
2022.01.03,07:08,16441.389000,16442.267000,16436.559000,16437.169000,0
2022.01.03,07:09,16437.619000,16439.289000,16436.539000,16436.619000,0
2022.01.03,07:10,16436.989000,16441.599000,16436.559000,16440.729000,0
2022.01.03,07:11,16441.299000,16441.489000,16436.869000,16437.689000,0
2022.01.03,07:12,16437.729000,16441.179000,16437.639000,16440.799000,0
2022.01.03,07:13,16440.829000,16443.399000,16440.829000,16443.389000,0
2022.01.03,07:14,16443.409000,16444.089000,16440.619000,16441.319000,0
2022.01.03,07:15,16441.589000,16441.589000,16439.659000,16440.899000,0
2022.01.03,07:16,16441.049000,16443.879000,16441.049000,16442.989000,0
2022.01.03,07:17,16442.889000,16444.099000,16441.729000,16443.269000,0
2022.01.03,07:18,16442.389000,16444.109000,16441.539000,16442.349000,0
2022.01.03,07:19,16442.659000,16443.089000,16442.059000,16442.259000,0
2022.01.03,07:20,16442.237000,16443.209000,16441.579000,16442.639000,0
2022.01.03,07:21,16442.989000,16442.989000,16440.339000,16441.019000,0
2022.01.03,07:22,16441.339000,16444.609000,16441.259000,16442.839000,0
2022.01.03,07:23,16442.549000,16442.899000,16439.009000,16439.289000,0
2022.01.03,07:24,16439.277000,16440.859000,16436.819000,16437.149000,0
2022.01.03,07:25,16437.299000,16438.899000,16436.619000,16437.729000,0
2022.01.03,07:26,16437.869000,16441.899000,16437.279000,16441.779000,0
2022.01.03,07:27,16441.759000,16442.059000,16438.409000,16439.629000,0
2022.01.03,07:28,16439.359000,16440.299000,16434.419000,16436.789000,0
2022.01.03,07:29,16436.819000,16439.069000,16436.639000,16438.209000,0
2022.01.03,07:30,16438.307000,16439.179000,16436.809000,16438.299000,0
2022.01.03,07:31,16437.779000,16438.599000,16435.229000,16435.319000,0
2022.01.03,07:32,16435.689000,16436.599000,16434.749000,16434.829000,0
2022.01.03,07:33,16434.857000,16439.489000,16432.089000,16437.809000,0
2022.01.03,07:34,16437.717000,16439.089000,16437.259000,16437.259000,0
2022.01.03,07:35,16437.389000,16438.177000,16434.619000,16434.829000,0
2022.01.03,07:36,16435.109000,16437.889000,16433.109000,16437.889000,0
2022.01.03,07:37,16437.299000,16438.099000,16436.319000,16437.629000,0
2022.01.03,07:38,16437.709000,16437.989000,16435.519000,16436.719000,0
2022.01.03,07:39,16436.717000,16440.299000,16436.529000,16439.809000,0
2022.01.03,07:40,16439.079000,16441.869000,16437.839000,16441.399000,0
2022.01.03,07:41,16441.147000,16442.817000,16439.739000,16442.659000,0
2022.01.03,07:42,16442.239000,16443.259000,16441.039000,16442.589000,0
2022.01.03,07:43,16442.709000,16444.079000,16440.639000,16440.809000,0
2022.01.03,07:44,16440.777000,16440.909000,16437.619000,16437.689000,0
2022.01.03,07:45,16437.989000,16439.387000,16433.779000,16434.799000,0
2022.01.03,07:46,16434.789000,16436.319000,16433.029000,16433.819000,0
2022.01.03,07:47,16433.847000,16433.919000,16429.179000,16430.799000,0
2022.01.03,07:48,16430.819000,16435.599000,16430.569000,16435.529000,0
2022.01.03,07:49,16435.729000,16436.899000,16432.619000,16435.009000,0
2022.01.03,07:50,16435.219000,16436.069000,16433.609000,16433.709000,0
2022.01.03,07:51,16433.829000,16436.099000,16431.839000,16433.289000,0
2022.01.03,07:52,16433.219000,16436.359000,16432.819000,16436.079000,0
2022.01.03,07:53,16436.129000,16436.599000,16433.069000,16434.899000,0
2022.01.03,07:54,16434.599000,16435.109000,16432.709000,16433.009000,0
2022.01.03,07:55,16432.919000,16433.299000,16430.049000,16431.749000,0
2022.01.03,07:56,16431.339000,16432.279000,16431.119000,16432.279000,0
2022.01.03,07:57,16431.829000,16433.999000,16430.749000,16433.779000,0
2022.01.03,07:58,16433.859000,16433.989000,16431.329000,16431.599000,0
2022.01.03,07:59,16431.669000,16432.399000,16430.329000,16432.369000,0
2022.01.03,08:00,16431.609000,16433.679000,16430.319000,16433.279000,0
2022.01.03,08:01,16433.589000,16437.299000,16433.329000,16434.269000,0
2022.01.03,08:02,16434.279000,16436.899000,16433.629000,16434.699000,0
2022.01.03,08:03,16434.379000,16437.889000,16434.359000,16437.799000,0
2022.01.03,08:04,16437.659000,16439.299000,16436.759000,16438.259000,0
2022.01.03,08:05,16438.389000,16439.289000,16437.649000,16438.729000,0
2022.01.03,08:06,16438.889000,16439.289000,16434.639000,16437.099000,0
2022.01.03,08:07,16436.769000,16438.709000,16435.839000,16437.119000,0
2022.01.03,08:08,16437.289000,16437.289000,16435.609000,16436.189000,0
2022.01.03,08:09,16436.177000,16439.599000,16435.519000,16438.389000,0
2022.01.03,08:10,16438.387000,16441.899000,16438.279000,16441.419000,0
2022.01.03,08:11,16441.357000,16442.099000,16439.869000,16440.899000,0
2022.01.03,08:12,16440.849000,16443.809000,16440.349000,16443.687000,0
2022.01.03,08:13,16443.599000,16444.109000,16440.319000,16442.389000,0
2022.01.03,08:14,16441.859000,16443.099000,16440.169000,16442.059000,0
2022.01.03,08:15,16442.169000,16444.199000,16437.309000,16444.119000,0
2022.01.03,08:16,16444.167000,16444.297000,16441.609000,16441.769000,0
2022.01.03,08:17,16441.817000,16444.499000,16441.529000,16442.259000,0
2022.01.03,08:18,16441.839000,16442.399000,16439.009000,16439.409000,0
2022.01.03,08:19,16439.357000,16440.089000,16438.159000,16439.849000,0
2022.01.03,08:20,16439.837000,16440.389000,16437.149000,16437.599000,0
2022.01.03,08:21,16437.539000,16440.399000,16437.539000,16438.119000,0
2022.01.03,08:22,16437.899000,16439.989000,16437.879000,16438.679000,0
2022.01.03,08:23,16438.759000,16439.399000,16435.889000,16438.299000,0
2022.01.03,08:24,16438.319000,16438.699000,16435.519000,16438.169000,0
2022.01.03,08:25,16438.179000,16438.889000,16434.379000,16435.199000,0
2022.01.03,08:26,16435.157000,16436.089000,16432.769000,16434.899000,0
2022.01.03,08:27,16435.399000,16435.609000,16433.819000,16434.319000,0
2022.01.03,08:28,16434.109000,16434.989000,16430.019000,16432.209000,0
2022.01.03,08:29,16432.249000,16434.989000,16430.519000,16432.349000,0
2022.01.03,08:30,16432.339000,16433.899000,16431.359000,16432.829000,0
2022.01.03,08:31,16432.887000,16434.399000,16431.389000,16433.299000,0
2022.01.03,08:32,16433.269000,16433.789000,16428.629000,16428.779000,0
2022.01.03,08:33,16428.769000,16428.797000,16423.839000,16426.079000,0
2022.01.03,08:34,16426.037000,16426.369000,16420.129000,16420.699000,0
2022.01.03,08:35,16420.687000,16425.809000,16420.419000,16425.099000,0
2022.01.03,08:36,16424.719000,16424.729000,16423.409000,16423.729000,0
2022.01.03,08:37,16423.737000,16423.737000,16417.009000,16420.509000,0
2022.01.03,08:38,16420.199000,16423.679000,16420.199000,16423.079000,0
2022.01.03,08:39,16423.149000,16424.259000,16421.657000,16421.657000,0
2022.01.03,08:40,16421.789000,16422.299000,16418.029000,16418.199000,0
2022.01.03,08:41,16418.167000,16420.799000,16418.069000,16419.109000,0
2022.01.03,08:42,16418.829000,16419.619000,16413.649000,16416.809000,0
2022.01.03,08:43,16417.589000,16420.919000,16416.509000,16420.919000,0
2022.01.03,08:44,16420.859000,16421.909000,16419.339000,16419.339000,0
2022.01.03,08:45,16419.299000,16421.209000,16419.039000,16420.819000,0
2022.01.03,08:46,16420.917000,16423.709000,16420.349000,16423.259000,0
2022.01.03,08:47,16423.389000,16425.899000,16420.349000,16421.309000,0
2022.01.03,08:48,16421.409000,16423.307000,16419.829000,16422.229000,0
2022.01.03,08:49,16422.749000,16426.097000,16422.749000,16425.749000,0
2022.01.03,08:50,16425.737000,16426.299000,16422.839000,16425.709000,0
2022.01.03,08:51,16425.677000,16429.349000,16424.299000,16429.089000,0
2022.01.03,08:52,16429.119000,16429.309000,16425.389000,16425.779000,0
2022.01.03,08:53,16426.329000,16428.099000,16425.529000,16426.089000,0
2022.01.03,08:54,16425.827000,16425.827000,16414.769000,16416.619000,0
2022.01.03,08:55,16416.889000,16421.049000,16416.819000,16419.139000,0
2022.01.03,08:56,16419.849000,16420.299000,16412.719000,16412.729000,0
2022.01.03,08:57,16413.139000,16413.207000,16403.119000,16404.149000,0
2022.01.03,08:58,16404.869000,16405.709000,16391.519000,16394.629000,0
2022.01.03,08:59,16394.319000,16398.499000,16385.109000,16388.149000,0
2022.01.03,09:00,16388.399000,16388.399000,16374.899000,16383.419000,0
2022.01.03,09:01,16383.339000,16388.629000,16372.539000,16374.759000,0
2022.01.03,09:02,16374.849000,16381.649000,16374.649000,16380.299000,0
2022.01.03,09:03,16380.579000,16385.009000,16376.349000,16378.669000,0
2022.01.03,09:04,16378.789000,16383.919000,16375.549000,16382.589000,0
2022.01.03,09:05,16382.809000,16385.889000,16378.139000,16378.139000,0
2022.01.03,09:06,16378.719000,16385.289000,16375.639000,16384.389000,0
2022.01.03,09:07,16384.367000,16386.249000,16379.719000,16386.249000,0
2022.01.03,09:08,16385.669000,16388.599000,16385.559000,16387.639000,0
2022.01.03,09:09,16387.819000,16393.629000,16386.119000,16392.999000,0
2022.01.03,09:10,16392.889000,16396.099000,16389.139000,16390.799000,0
2022.01.03,09:11,16389.819000,16392.789000,16388.519000,16388.577000,0
2022.01.03,09:12,16388.319000,16389.049000,16382.859000,16384.279000,0
2022.01.03,09:13,16384.299000,16387.769000,16383.769000,16387.529000,0
2022.01.03,09:14,16387.129000,16391.909000,16386.049000,16390.609000,0
2022.01.03,09:15,16390.339000,16391.889000,16386.089000,16386.199000,0
2022.01.03,09:16,16385.869000,16389.889000,16379.109000,16389.219000,0
2022.01.03,09:17,16389.569000,16398.179000,16389.319000,16395.299000,0
2022.01.03,09:18,16394.769000,16397.059000,16393.679000,16396.379000,0
2022.01.03,09:19,16396.347000,16398.659000,16395.689000,16398.619000,0
2022.01.03,09:20,16398.199000,16398.209000,16393.529000,16395.699000,0
2022.01.03,09:21,16395.179000,16399.999000,16393.559000,16393.909000,0
2022.01.03,09:22,16393.889000,16394.219000,16389.509000,16390.139000,0
2022.01.03,09:23,16389.859000,16394.499000,16388.229000,16392.369000,0
2022.01.03,09:24,16391.589000,16397.109000,16391.339000,16396.289000,0
2022.01.03,09:25,16393.899000,16397.779000,16391.539000,16391.779000,0
2022.01.03,09:26,16392.389000,16393.589000,16390.009000,16391.299000,0
2022.01.03,09:27,16391.229000,16392.179000,16382.839000,16383.519000,0
2022.01.03,09:28,16383.669000,16386.109000,16378.019000,16381.319000,0
2022.01.03,09:29,16381.669000,16386.569000,16380.689000,16384.259000,0
2022.01.03,09:30,16384.109000,16414.289000,16380.869000,16409.729000,0
2022.01.03,09:31,16408.719000,16440.089000,16400.149000,16431.299000,0
2022.01.03,09:32,16430.029000,16439.299000,16423.769000,16431.299000,0
2022.01.03,09:33,16431.309000,16445.989000,16431.309000,16444.889000,0
2022.01.03,09:34,16445.099000,16450.787000,16437.719000,16440.079000,0
2022.01.03,09:35,16440.869000,16445.869000,16428.649000,16435.619000,0
2022.01.03,09:36,16435.259000,16455.609000,16434.719000,16449.169000,0
2022.01.03,09:37,16448.899000,16486.619000,16448.029000,16480.819000,0
2022.01.03,09:38,16480.717000,16484.759000,16473.509000,16475.809000,0
2022.01.03,09:39,16475.829000,16479.249000,16459.149000,16465.349000,0
2022.01.03,09:40,16467.229000,16475.499000,16455.209000,16457.579000,0
2022.01.03,09:41,16457.559000,16459.589000,16446.539000,16454.869000,0
2022.01.03,09:42,16455.369000,16459.349000,16447.739000,16456.859000,0
2022.01.03,09:43,16456.877000,16459.899000,16448.229000,16452.629000,0
2022.01.03,09:44,16452.249000,16453.199000,16431.619000,16446.039000,0
2022.01.03,09:45,16446.579000,16452.797000,16421.129000,16428.599000,0
2022.01.03,09:46,16428.499000,16430.109000,16411.539000,16414.739000,0
2022.01.03,09:47,16414.759000,16415.099000,16378.769000,16381.829000,0
2022.01.03,09:48,16381.897000,16385.779000,16350.629000,16361.709000,0
2022.01.03,09:49,16361.617000,16361.679000,16333.869000,16349.819000,0
2022.01.03,09:50,16350.519000,16353.629000,16300.109000,16321.189000,0
2022.01.03,09:51,16321.177000,16329.699000,16314.799000,16320.389000,0
2022.01.03,09:52,16319.349000,16341.239000,16300.529000,16307.209000,0
2022.01.03,09:53,16306.499000,16324.789000,16300.289000,16308.169000,0
2022.01.03,09:54,16308.167000,16324.319000,16306.049000,16313.749000,0
2022.01.03,09:55,16313.489000,16315.619000,16294.319000,16310.289000,0
2022.01.03,09:56,16311.079000,16336.659000,16306.859000,16330.779000,0
2022.01.03,09:57,16331.189000,16338.789000,16318.489000,16338.759000,0
2022.01.03,09:58,16338.259000,16343.299000,16316.579000,16318.379000,0
2022.01.03,09:59,16317.539000,16321.289000,16308.089000,16319.219000,0
2022.01.03,10:00,16319.319000,16352.109000,16307.919000,16351.809000,0
2022.01.03,10:01,16352.629000,16365.609000,16351.829000,16362.849000,0
2022.01.03,10:02,16362.229000,16364.799000,16349.119000,16358.719000,0
2022.01.03,10:03,16359.089000,16372.879000,16355.529000,16360.349000,0
2022.01.03,10:04,16360.419000,16376.189000,16360.419000,16365.299000,0
2022.01.03,10:05,16366.159000,16368.399000,16340.709000,16359.139000,0
2022.01.03,10:06,16359.289000,16376.079000,16357.027000,16358.529000,0
2022.01.03,10:07,16359.269000,16363.899000,16350.309000,16358.379000,0
2022.01.03,10:08,16359.289000,16362.789000,16351.719000,16359.829000,0
2022.01.03,10:09,16359.299000,16363.999000,16348.019000,16360.289000,0
2022.01.03,10:10,16361.309000,16379.079000,16361.249000,16373.879000,0
2022.01.03,10:11,16373.889000,16375.239000,16345.589000,16353.709000,0
2022.01.03,10:12,16353.729000,16358.779000,16348.819000,16356.569000,0
2022.01.03,10:13,16357.119000,16372.819000,16348.549000,16370.829000,0
2022.01.03,10:14,16371.109000,16394.489000,16369.047000,16389.289000,0
2022.01.03,10:15,16389.219000,16394.729000,16378.709000,16383.619000,0
2022.01.03,10:16,16383.667000,16395.389000,16381.769000,16389.279000,0
2022.01.03,10:17,16389.719000,16395.189000,16386.269000,16391.399000,0
2022.01.03,10:18,16391.599000,16407.259000,16391.509000,16402.519000,0
2022.01.03,10:19,16402.219000,16402.769000,16388.229000,16392.039000,0
2022.01.03,10:20,16391.519000,16391.519000,16365.599000,16370.409000,0
2022.01.03,10:21,16369.339000,16376.289000,16357.519000,16359.039000,0
2022.01.03,10:22,16360.059000,16372.499000,16352.099000,16366.289000,0
2022.01.03,10:23,16366.309000,16379.209000,16363.749000,16374.779000,0
2022.01.03,10:24,16375.349000,16390.789000,16374.329000,16390.489000,0
2022.01.03,10:25,16390.579000,16415.359000,16381.829000,16414.259000,0
2022.01.03,10:26,16413.189000,16415.659000,16402.589000,16405.819000,0
2022.01.03,10:27,16405.089000,16425.119000,16402.869000,16422.739000,0
2022.01.03,10:28,16422.719000,16428.499000,16417.209000,16422.219000,0
2022.01.03,10:29,16421.999000,16427.759000,16413.119000,16420.769000,0
2022.01.03,10:30,16421.819000,16422.339000,16396.189000,16410.109000,0
2022.01.03,10:31,16410.269000,16417.799000,16404.659000,16407.609000,0
2022.01.03,10:32,16408.239000,16416.859000,16406.059000,16412.899000,0
2022.01.03,10:33,16413.289000,16413.289000,16393.549000,16398.269000,0
2022.01.03,10:34,16398.219000,16417.499000,16391.099000,16412.269000,0
2022.01.03,10:35,16411.559000,16421.499000,16405.129000,16406.729000,0
2022.01.03,10:36,16406.799000,16412.289000,16400.159000,16405.099000,0
2022.01.03,10:37,16405.529000,16411.569000,16405.269000,16408.679000,0
2022.01.03,10:38,16409.349000,16420.489000,16399.249000,16400.629000,0
2022.01.03,10:39,16400.709000,16409.999000,16392.819000,16399.609000,0
2022.01.03,10:40,16399.249000,16406.589000,16389.489000,16404.279000,0
2022.01.03,10:41,16403.739000,16420.049000,16403.739000,16419.739000,0
2022.01.03,10:42,16418.789000,16425.409000,16412.229000,16412.739000,0
2022.01.03,10:43,16413.579000,16415.889000,16404.019000,16411.759000,0
2022.01.03,10:44,16411.269000,16421.909000,16407.539000,16410.759000,0
2022.01.03,10:45,16411.609000,16427.259000,16406.829000,16425.489000,0
2022.01.03,10:46,16425.269000,16444.389000,16420.549000,16439.719000,0
2022.01.03,10:47,16439.319000,16441.739000,16426.539000,16428.549000,0
2022.01.03,10:48,16428.789000,16434.379000,16416.337000,16419.679000,0
2022.01.03,10:49,16418.779000,16429.889000,16417.789000,16428.309000,0
2022.01.03,10:50,16428.227000,16432.589000,16419.049000,16426.899000,0
2022.01.03,10:51,16425.829000,16433.299000,16419.569000,16430.729000,0
2022.01.03,10:52,16431.029000,16432.809000,16422.619000,16427.089000,0
2022.01.03,10:53,16427.057000,16432.739000,16421.079000,16428.759000,0
2022.01.03,10:54,16428.149000,16434.119000,16425.539000,16433.289000,0
2022.01.03,10:55,16433.869000,16435.809000,16420.009000,16426.219000,0
2022.01.03,10:56,16426.719000,16437.749000,16426.089000,16430.867000,0
2022.01.03,10:57,16430.789000,16437.759000,16428.309000,16433.209000,0
2022.01.03,10:58,16433.539000,16434.519000,16427.119000,16429.319000,0
2022.01.03,10:59,16430.169000,16440.789000,16429.099000,16438.259000,0
2022.01.03,11:00,16439.149000,16446.279000,16434.319000,16437.779000,0
2022.01.03,11:01,16438.079000,16441.799000,16430.609000,16435.989000,0
2022.01.03,11:02,16435.789000,16435.789000,16422.029000,16423.249000,0
2022.01.03,11:03,16423.217000,16429.289000,16420.739000,16425.749000,0
2022.01.03,11:04,16426.069000,16428.729000,16416.519000,16426.237000,0
2022.01.03,11:05,16426.089000,16435.579000,16419.259000,16435.299000,0
2022.01.03,11:06,16435.089000,16444.289000,16433.749000,16434.739000,0
2022.01.03,11:07,16435.799000,16436.029000,16423.759000,16425.377000,0
2022.01.03,11:08,16425.389000,16425.389000,16413.129000,16421.259000,0
2022.01.03,11:09,16421.227000,16428.589000,16420.039000,16424.109000,0
2022.01.03,11:10,16424.047000,16426.619000,16415.539000,16415.709000,0
2022.01.03,11:11,16415.777000,16416.559000,16402.569000,16413.679000,0
2022.01.03,11:12,16413.669000,16416.707000,16404.539000,16406.609000,0
2022.01.03,11:13,16406.659000,16407.729000,16394.559000,16407.089000,0
2022.01.03,11:14,16407.059000,16407.589000,16396.539000,16402.299000,0
2022.01.03,11:15,16402.549000,16407.719000,16397.669000,16399.559000,0
2022.01.03,11:16,16400.369000,16407.699000,16400.369000,16401.559000,0
2022.01.03,11:17,16401.319000,16402.289000,16395.729000,16402.017000,0
2022.01.03,11:18,16401.819000,16406.799000,16393.309000,16400.799000,0
2022.01.03,11:19,16401.789000,16403.799000,16395.769000,16399.789000,0
2022.01.03,11:20,16400.169000,16401.289000,16389.319000,16396.079000,0
2022.01.03,11:21,16396.089000,16401.809000,16395.729000,16400.529000,0
2022.01.03,11:22,16400.059000,16412.489000,16399.039000,16405.809000,0
2022.01.03,11:23,16405.719000,16412.319000,16400.719000,16410.109000,0
2022.01.03,11:24,16410.089000,16414.809000,16405.209000,16406.909000,0
2022.01.03,11:25,16407.299000,16408.207000,16403.109000,16405.229000,0
2022.01.03,11:26,16405.217000,16409.389000,16397.539000,16408.269000,0
2022.01.03,11:27,16408.489000,16419.619000,16408.009000,16416.319000,0
2022.01.03,11:28,16416.509000,16418.279000,16405.089000,16407.619000,0
2022.01.03,11:29,16406.799000,16414.799000,16403.059000,16413.739000,0
2022.01.03,11:30,16414.709000,16414.709000,16400.569000,16406.509000,0
2022.01.03,11:31,16406.557000,16414.089000,16405.219000,16411.847000,0
2022.01.03,11:32,16411.799000,16412.909000,16407.049000,16409.029000,0
2022.01.03,11:33,16409.529000,16412.569000,16405.229000,16409.079000,0
2022.01.03,11:34,16409.139000,16416.289000,16408.129000,16416.289000,0
2022.01.03,11:35,16415.069000,16420.299000,16396.239000,16403.719000,0
2022.01.03,11:36,16403.889000,16410.289000,16399.129000,16402.759000,0
2022.01.03,11:37,16403.249000,16403.249000,16384.339000,16390.039000,0
2022.01.03,11:38,16390.259000,16390.309000,16380.249000,16383.209000,0
2022.01.03,11:39,16383.709000,16385.799000,16380.299000,16380.299000,0
2022.01.03,11:40,16381.029000,16391.899000,16381.029000,16390.659000,0
2022.01.03,11:41,16390.899000,16407.249000,16390.849000,16403.799000,0
2022.01.03,11:42,16403.749000,16411.879000,16401.889000,16407.539000,0
2022.01.03,11:43,16408.089000,16414.539000,16403.529000,16413.769000,0
2022.01.03,11:44,16412.779000,16415.589000,16408.769000,16411.489000,0
2022.01.03,11:45,16411.579000,16414.209000,16405.619000,16412.089000,0
2022.01.03,11:46,16412.067000,16417.387000,16407.039000,16413.489000,0
2022.01.03,11:47,16413.589000,16432.289000,16412.739000,16430.749000,0
2022.01.03,11:48,16429.809000,16438.499000,16428.859000,16430.539000,0
2022.01.03,11:49,16430.649000,16433.559000,16423.739000,16425.749000,0
2022.01.03,11:50,16425.807000,16426.619000,16406.859000,16409.289000,0
2022.01.03,11:51,16409.027000,16409.539000,16401.079000,16405.759000,0
2022.01.03,11:52,16405.797000,16408.109000,16399.869000,16407.539000,0
2022.01.03,11:53,16406.489000,16410.789000,16403.379000,16407.209000,0
2022.01.03,11:54,16407.209000,16409.489000,16405.529000,16407.649000,0
2022.01.03,11:55,16407.677000,16412.319000,16400.709000,16409.067000,0
2022.01.03,11:56,16408.879000,16408.879000,16396.749000,16404.859000,0
2022.01.03,11:57,16404.749000,16405.999000,16395.019000,16399.019000,0
2022.01.03,11:58,16398.059000,16400.789000,16394.569000,16394.789000,0
2022.01.03,11:59,16395.109000,16398.719000,16390.769000,16397.729000,0
2022.01.03,12:00,16396.879000,16398.297000,16385.539000,16386.799000,0
2022.01.03,12:01,16386.389000,16387.989000,16380.109000,16382.229000,0
2022.01.03,12:02,16382.729000,16389.999000,16380.729000,16388.339000,0
2022.01.03,12:03,16388.357000,16396.319000,16388.179000,16395.259000,0
2022.01.03,12:04,16396.169000,16400.759000,16395.109000,16397.669000,0
2022.01.03,12:05,16397.289000,16400.079000,16385.559000,16388.249000,0
2022.01.03,12:06,16388.289000,16394.289000,16386.259000,16393.269000,0
2022.01.03,12:07,16393.249000,16396.219000,16391.699000,16393.039000,0
2022.01.03,12:08,16393.139000,16401.749000,16392.309000,16397.579000,0
2022.01.03,12:09,16397.229000,16403.289000,16396.729000,16398.589000,0
2022.01.03,12:10,16398.269000,16404.489000,16389.709000,16400.569000,0
2022.01.03,12:11,16401.029000,16401.109000,16389.619000,16392.039000,0
2022.01.03,12:12,16391.749000,16395.799000,16384.109000,16394.799000,0
2022.01.03,12:13,16395.249000,16402.619000,16392.579000,16400.719000,0
2022.01.03,12:14,16400.809000,16406.049000,16399.539000,16403.739000,0
2022.01.03,12:15,16403.719000,16407.119000,16402.239000,16404.819000,0
2022.01.03,12:16,16404.899000,16407.559000,16403.209000,16407.309000,0
2022.01.03,12:17,16407.249000,16409.589000,16399.729000,16405.079000,0
2022.01.03,12:18,16405.549000,16408.199000,16400.709000,16407.529000,0
2022.01.03,12:19,16407.559000,16409.279000,16403.749000,16407.089000,0
2022.01.03,12:20,16407.799000,16409.499000,16403.759000,16407.099000,0
2022.01.03,12:21,16407.309000,16417.289000,16407.059000,16415.039000,0
2022.01.03,12:22,16414.609000,16421.059000,16414.609000,16418.569000,0
2022.01.03,12:23,16418.409000,16424.799000,16417.009000,16423.049000,0
2022.01.03,12:24,16422.229000,16427.789000,16421.609000,16426.099000,0
2022.01.03,12:25,16426.289000,16426.289000,16416.769000,16420.899000,0
2022.01.03,12:26,16420.657000,16421.819000,16417.229000,16420.489000,0
2022.01.03,12:27,16420.237000,16421.089000,16415.709000,16417.789000,0
2022.01.03,12:28,16417.109000,16420.599000,16413.319000,16419.209000,0
2022.01.03,12:29,16419.569000,16423.119000,16417.779000,16421.289000,0
2022.01.03,12:30,16420.729000,16422.779000,16415.729000,16416.489000,0
2022.01.03,12:31,16416.119000,16417.109000,16409.219000,16414.529000,0
2022.01.03,12:32,16414.289000,16416.489000,16413.309000,16414.589000,0
2022.01.03,12:33,16414.739000,16415.989000,16412.729000,16413.249000,0
2022.01.03,12:34,16413.559000,16417.809000,16412.069000,16417.269000,0
2022.01.03,12:35,16418.079000,16419.319000,16415.109000,16418.029000,0
2022.01.03,12:36,16416.709000,16419.589000,16414.009000,16416.079000,0
2022.01.03,12:37,16417.029000,16420.799000,16412.519000,16419.819000,0
2022.01.03,12:38,16419.799000,16419.799000,16413.509000,16417.569000,0
2022.01.03,12:39,16418.119000,16419.119000,16414.709000,16419.119000,0
2022.01.03,12:40,16419.299000,16419.299000,16411.629000,16415.819000,0
2022.01.03,12:41,16415.079000,16420.789000,16413.719000,16418.239000,0
2022.01.03,12:42,16418.259000,16419.319000,16413.529000,16416.869000,0
2022.01.03,12:43,16417.289000,16417.499000,16411.029000,16415.779000,0
2022.01.03,12:44,16416.019000,16421.837000,16415.249000,16421.559000,0
2022.01.03,12:45,16421.299000,16427.599000,16421.289000,16426.099000,0
2022.01.03,12:46,16426.229000,16431.859000,16425.719000,16431.559000,0
2022.01.03,12:47,16430.529000,16432.389000,16428.039000,16432.079000,0
2022.01.03,12:48,16431.519000,16432.499000,16427.227000,16428.789000,0
2022.01.03,12:49,16428.259000,16432.709000,16428.249000,16432.599000,0
2022.01.03,12:50,16432.319000,16436.709000,16431.069000,16432.357000,0
2022.01.03,12:51,16432.489000,16435.299000,16431.059000,16433.577000,0
2022.01.03,12:52,16433.329000,16433.329000,16429.239000,16430.249000,0
2022.01.03,12:53,16430.239000,16430.247000,16420.559000,16422.289000,0
2022.01.03,12:54,16422.069000,16422.279000,16417.719000,16421.209000,0
2022.01.03,12:55,16421.809000,16423.609000,16419.549000,16422.019000,0
2022.01.03,12:56,16422.279000,16425.289000,16421.219000,16423.809000,0
2022.01.03,12:57,16423.289000,16427.099000,16420.819000,16425.799000,0
2022.01.03,12:58,16425.707000,16427.289000,16424.709000,16427.289000,0
2022.01.03,12:59,16427.529000,16429.789000,16424.019000,16426.259000,0
2022.01.03,13:00,16426.519000,16429.599000,16419.759000,16421.839000,0
2022.01.03,13:01,16421.829000,16423.739000,16415.699000,16416.739000,0
2022.01.03,13:02,16417.299000,16420.289000,16416.109000,16420.269000,0
2022.01.03,13:03,16420.249000,16426.809000,16418.669000,16420.099000,0
2022.01.03,13:04,16420.149000,16423.539000,16417.229000,16422.779000,0
2022.01.03,13:05,16423.309000,16424.799000,16418.279000,16420.499000,0
2022.01.03,13:06,16420.539000,16424.539000,16420.099000,16424.119000,0
2022.01.03,13:07,16424.299000,16424.319000,16417.579000,16420.289000,0
2022.01.03,13:08,16419.719000,16421.099000,16414.029000,16417.789000,0
2022.01.03,13:09,16417.777000,16419.089000,16414.129000,16415.769000,0
2022.01.03,13:10,16416.229000,16417.759000,16409.739000,16417.529000,0
2022.01.03,13:11,16417.517000,16423.877000,16417.319000,16422.799000,0
2022.01.03,13:12,16422.579000,16430.599000,16421.039000,16429.609000,0
2022.01.03,13:13,16429.069000,16440.779000,16428.589000,16433.219000,0
2022.01.03,13:14,16433.219000,16438.299000,16429.749000,16429.749000,0
2022.01.03,13:15,16430.299000,16434.599000,16429.299000,16431.829000,0
2022.01.03,13:16,16432.219000,16433.399000,16428.749000,16431.569000,0
2022.01.03,13:17,16431.029000,16433.299000,16428.759000,16430.519000,0
2022.01.03,13:18,16431.329000,16433.799000,16429.239000,16433.389000,0
2022.01.03,13:19,16433.569000,16436.697000,16430.719000,16431.759000,0
2022.01.03,13:20,16431.819000,16436.649000,16431.039000,16436.109000,0
2022.01.03,13:21,16436.349000,16440.079000,16435.829000,16437.789000,0
2022.01.03,13:22,16436.889000,16438.579000,16436.019000,16437.619000,0
2022.01.03,13:23,16437.649000,16438.299000,16434.239000,16434.779000,0
2022.01.03,13:24,16435.099000,16439.189000,16434.309000,16436.399000,0
2022.01.03,13:25,16436.369000,16437.119000,16433.319000,16437.099000,0
2022.01.03,13:26,16436.369000,16436.899000,16432.369000,16434.989000,0
2022.01.03,13:27,16435.099000,16437.099000,16433.139000,16436.059000,0
2022.01.03,13:28,16436.889000,16442.389000,16436.559000,16437.009000,0
2022.01.03,13:29,16436.759000,16437.789000,16433.539000,16435.999000,0
2022.01.03,13:30,16435.839000,16441.999000,16435.539000,16440.609000,0
2022.01.03,13:31,16440.579000,16440.579000,16436.649000,16437.779000,0
2022.01.03,13:32,16437.809000,16438.889000,16433.089000,16435.029000,0
2022.01.03,13:33,16435.109000,16435.917000,16431.629000,16434.269000,0
2022.01.03,13:34,16434.709000,16436.799000,16433.719000,16434.999000,0
2022.01.03,13:35,16435.709000,16439.619000,16434.019000,16438.549000,0
2022.01.03,13:36,16438.789000,16440.289000,16436.209000,16439.719000,0
2022.01.03,13:37,16439.747000,16441.489000,16437.049000,16437.819000,0
2022.01.03,13:38,16437.877000,16441.299000,16437.749000,16440.769000,0
2022.01.03,13:39,16441.029000,16444.399000,16440.739000,16442.289000,0
2022.01.03,13:40,16441.759000,16444.579000,16440.109000,16444.579000,0
2022.01.03,13:41,16444.587000,16454.299000,16442.749000,16453.299000,0
2022.01.03,13:42,16453.639000,16464.559000,16453.619000,16462.059000,0
2022.01.03,13:43,16462.057000,16464.999000,16459.719000,16460.729000,0
2022.01.03,13:44,16461.119000,16468.799000,16459.279000,16466.637000,0
2022.01.03,13:45,16466.519000,16468.289000,16464.019000,16466.799000,0
2022.01.03,13:46,16466.279000,16469.109000,16463.219000,16463.819000,0
2022.01.03,13:47,16463.599000,16465.099000,16461.849000,16461.989000,0
2022.01.03,13:48,16462.029000,16463.519000,16455.769000,16462.799000,0
2022.01.03,13:49,16462.769000,16465.799000,16462.119000,16463.579000,0
2022.01.03,13:50,16463.389000,16466.799000,16461.789000,16465.839000,0
2022.01.03,13:51,16465.817000,16467.499000,16463.069000,16466.799000,0
2022.01.03,13:52,16466.009000,16466.049000,16463.239000,16465.749000,0
2022.01.03,13:53,16465.709000,16466.599000,16462.059000,16465.539000,0
2022.01.03,13:54,16465.699000,16469.529000,16464.739000,16467.777000,0
2022.01.03,13:55,16467.519000,16472.519000,16467.239000,16471.559000,0
2022.01.03,13:56,16471.299000,16472.519000,16466.759000,16471.239000,0
2022.01.03,13:57,16471.369000,16471.589000,16466.709000,16468.719000,0
2022.01.03,13:58,16468.717000,16469.309000,16460.029000,16461.249000,0
2022.01.03,13:59,16461.509000,16466.609000,16460.729000,16465.589000,0
2022.01.03,14:00,16465.749000,16472.399000,16464.259000,16471.789000,0
2022.01.03,14:01,16471.849000,16472.769000,16467.209000,16467.269000,0
2022.01.03,14:02,16467.389000,16469.279000,16460.799000,16461.039000,0
2022.01.03,14:03,16460.669000,16464.799000,16460.029000,16463.599000,0
2022.01.03,14:04,16463.289000,16463.299000,16458.259000,16460.709000,0
2022.01.03,14:05,16461.049000,16463.309000,16455.749000,16456.759000,0
2022.01.03,14:06,16457.079000,16462.789000,16456.289000,16461.349000,0
2022.01.03,14:07,16461.589000,16465.299000,16460.249000,16463.089000,0
2022.01.03,14:08,16462.817000,16472.319000,16462.069000,16471.559000,0
2022.01.03,14:09,16471.859000,16473.789000,16468.229000,16469.129000,0
2022.01.03,14:10,16469.259000,16471.119000,16467.709000,16468.729000,0
2022.01.03,14:11,16469.079000,16470.809000,16468.519000,16469.409000,0
2022.01.03,14:12,16469.337000,16470.389000,16465.559000,16467.249000,0
2022.01.03,14:13,16467.309000,16467.549000,16464.319000,16467.279000,0
2022.01.03,14:14,16467.099000,16469.109000,16466.019000,16468.079000,0
2022.01.03,14:15,16468.089000,16468.089000,16463.029000,16465.389000,0
2022.01.03,14:16,16466.149000,16476.809000,16466.149000,16476.509000,0
2022.01.03,14:17,16476.619000,16477.089000,16469.799000,16470.099000,0
2022.01.03,14:18,16469.749000,16475.289000,16469.749000,16472.519000,0
2022.01.03,14:19,16473.079000,16474.999000,16472.529000,16472.989000,0
2022.01.03,14:20,16472.609000,16474.389000,16471.209000,16472.329000,0
2022.01.03,14:21,16472.569000,16473.289000,16469.219000,16470.279000,0
2022.01.03,14:22,16470.349000,16470.619000,16466.129000,16466.809000,0
2022.01.03,14:23,16466.879000,16468.149000,16465.719000,16466.297000,0
2022.01.03,14:24,16466.209000,16467.299000,16463.719000,16465.079000,0
2022.01.03,14:25,16465.077000,16466.499000,16463.319000,16465.079000,0
2022.01.03,14:26,16464.749000,16469.489000,16464.749000,16468.519000,0
2022.01.03,14:27,16468.059000,16471.599000,16467.109000,16467.109000,0
2022.01.03,14:28,16466.789000,16471.189000,16464.709000,16471.189000,0
2022.01.03,14:29,16471.167000,16471.289000,16469.009000,16469.499000,0
2022.01.03,14:30,16469.329000,16472.899000,16465.269000,16471.109000,0
2022.01.03,14:31,16470.799000,16472.989000,16466.759000,16467.259000,0
2022.01.03,14:32,16467.267000,16467.499000,16459.709000,16460.609000,0
2022.01.03,14:33,16461.589000,16462.289000,16459.519000,16460.599000,0
2022.01.03,14:34,16460.609000,16463.309000,16460.549000,16462.499000,0
2022.01.03,14:35,16463.209000,16467.209000,16462.709000,16466.009000,0
2022.01.03,14:36,16466.209000,16469.299000,16463.229000,16465.909000,0
2022.01.03,14:37,16466.089000,16466.819000,16463.219000,16464.529000,0
2022.01.03,14:38,16464.039000,16464.319000,16459.089000,16464.077000,0
2022.01.03,14:39,16463.879000,16475.889000,16463.879000,16475.889000,0
2022.01.03,14:40,16474.819000,16481.799000,16474.199000,16480.099000,0
2022.01.03,14:41,16479.709000,16484.059000,16478.319000,16482.619000,0
2022.01.03,14:42,16482.389000,16484.399000,16480.579000,16482.669000,0
2022.01.03,14:43,16482.739000,16489.489000,16481.039000,16489.279000,0
2022.01.03,14:44,16489.109000,16500.299000,16486.279000,16496.709000,0
2022.01.03,14:45,16496.169000,16502.569000,16493.789000,16500.209000,0
2022.01.03,14:46,16500.309000,16502.489000,16498.589000,16502.239000,0
2022.01.03,14:47,16502.267000,16504.389000,16501.009000,16501.759000,0
2022.01.03,14:48,16502.179000,16502.759000,16497.719000,16497.999000,0
2022.01.03,14:49,16497.999000,16499.499000,16495.139000,16499.399000,0
2022.01.03,14:50,16499.357000,16500.789000,16492.709000,16494.149000,0
2022.01.03,14:51,16494.289000,16494.289000,16488.379000,16489.109000,0
2022.01.03,14:52,16489.389000,16494.299000,16488.729000,16494.249000,0
2022.01.03,14:53,16493.409000,16496.799000,16492.519000,16494.089000,0
2022.01.03,14:54,16494.139000,16494.707000,16492.539000,16493.319000,0
2022.01.03,14:55,16493.539000,16493.709000,16488.359000,16489.579000,0
2022.01.03,14:56,16489.699000,16490.909000,16486.239000,16489.199000,0
2022.01.03,14:57,16489.279000,16490.599000,16487.889000,16488.639000,0
2022.01.03,14:58,16488.809000,16488.989000,16482.509000,16484.549000,0
2022.01.03,14:59,16484.517000,16484.609000,16478.339000,16480.279000,0
2022.01.03,15:00,16480.529000,16485.399000,16478.019000,16485.399000,0
2022.01.03,15:01,16485.749000,16486.609000,16477.609000,16478.799000,0
2022.01.03,15:02,16478.379000,16483.299000,16476.319000,16482.789000,0
2022.01.03,15:03,16482.817000,16482.817000,16475.859000,16480.799000,0
2022.01.03,15:04,16480.767000,16490.609000,16478.519000,16488.819000,0
2022.01.03,15:05,16489.109000,16489.779000,16484.169000,16486.069000,0
2022.01.03,15:06,16486.989000,16488.889000,16482.209000,16484.309000,0
2022.01.03,15:07,16484.299000,16485.089000,16482.359000,16483.559000,0
2022.01.03,15:08,16483.199000,16489.789000,16482.909000,16488.839000,0
2022.01.03,15:09,16488.857000,16493.299000,16487.059000,16490.559000,0
2022.01.03,15:10,16490.719000,16494.999000,16489.249000,16493.619000,0
2022.01.03,15:11,16493.719000,16496.299000,16492.509000,16495.259000,0
2022.01.03,15:12,16495.247000,16498.099000,16494.909000,16497.599000,0
2022.01.03,15:13,16497.499000,16499.879000,16496.869000,16498.259000,0
2022.01.03,15:14,16499.279000,16500.789000,16497.529000,16498.759000,0
2022.01.03,15:15,16498.819000,16502.089000,16497.719000,16501.669000,0
2022.01.03,15:16,16501.719000,16501.799000,16495.769000,16496.739000,0
2022.01.03,15:17,16496.609000,16498.289000,16493.859000,16494.609000,0
2022.01.03,15:18,16494.617000,16495.519000,16490.259000,16493.049000,0
2022.01.03,15:19,16493.059000,16496.029000,16487.899000,16495.219000,0
2022.01.03,15:20,16495.589000,16496.889000,16492.229000,16494.769000,0
2022.01.03,15:21,16494.717000,16495.619000,16492.219000,16494.059000,0
2022.01.03,15:22,16494.209000,16497.267000,16484.269000,16484.309000,0
2022.01.03,15:23,16484.259000,16485.489000,16480.759000,16482.789000,0
2022.01.03,15:24,16482.729000,16484.309000,16480.829000,16482.669000,0
2022.01.03,15:25,16482.657000,16490.407000,16482.319000,16488.019000,0
2022.01.03,15:26,16487.789000,16493.889000,16487.079000,16491.609000,0
2022.01.03,15:27,16491.779000,16492.819000,16486.609000,16488.059000,0
2022.01.03,15:28,16488.989000,16489.609000,16484.549000,16486.789000,0
2022.01.03,15:29,16487.249000,16488.599000,16484.309000,16487.509000,0
2022.01.03,15:30,16486.999000,16491.049000,16483.729000,16490.779000,0
2022.01.03,15:31,16490.879000,16494.609000,16490.419000,16490.869000,0
2022.01.03,15:32,16490.857000,16492.579000,16485.089000,16489.059000,0
2022.01.03,15:33,16488.679000,16496.389000,16488.529000,16496.079000,0
2022.01.03,15:34,16496.029000,16499.079000,16491.259000,16499.079000,0
2022.01.03,15:35,16498.599000,16499.289000,16493.219000,16497.009000,0
2022.01.03,15:36,16496.589000,16498.559000,16494.629000,16496.799000,0
2022.01.03,15:37,16496.787000,16499.559000,16495.009000,16497.597000,0
2022.01.03,15:38,16497.359000,16500.089000,16489.339000,16493.599000,0
2022.01.03,15:39,16492.539000,16494.289000,16487.249000,16491.727000,0
2022.01.03,15:40,16491.789000,16493.399000,16487.769000,16491.099000,0
2022.01.03,15:41,16490.749000,16490.809000,16477.579000,16477.579000,0
2022.01.03,15:42,16477.069000,16478.099000,16466.859000,16467.727000,0
2022.01.03,15:43,16467.519000,16467.519000,16458.209000,16458.669000,0
2022.01.03,15:44,16458.319000,16469.789000,16456.809000,16469.769000,0
2022.01.03,15:45,16469.729000,16478.569000,16462.239000,16478.209000,0
2022.01.03,15:46,16478.219000,16480.559000,16471.749000,16474.809000,0
2022.01.03,15:47,16474.839000,16483.099000,16474.299000,16481.409000,0
2022.01.03,15:48,16480.789000,16486.999000,16480.509000,16483.899000,0
2022.01.03,15:49,16484.109000,16490.899000,16477.019000,16489.719000,0
2022.01.03,15:50,16489.029000,16491.409000,16476.759000,16478.519000,0
2022.01.03,15:51,16478.609000,16481.769000,16477.209000,16479.319000,0
2022.01.03,15:52,16479.309000,16483.169000,16477.257000,16478.729000,0
2022.01.03,15:53,16478.707000,16480.999000,16469.099000,16474.099000,0
2022.01.03,15:54,16474.049000,16490.999000,16470.739000,16489.599000,0
2022.01.03,15:55,16490.339000,16491.539000,16475.879000,16477.719000,0
2022.01.03,15:56,16478.219000,16480.079000,16475.279000,16478.779000,0
2022.01.03,15:57,16479.689000,16485.399000,16478.199000,16483.799000,0
2022.01.03,15:58,16483.819000,16485.069000,16481.129000,16483.549000,0
2022.01.03,15:59,16483.639000,16495.799000,16480.269000,16495.799000,0
2022.01.03,16:00,16495.717000,16495.717000,16487.709000,16493.219000,0
2022.01.03,16:01,16493.287000,16496.849000,16491.519000,16496.799000,0
2022.01.03,16:02,16495.819000,16496.109000,16494.399000,16495.619000,0
2022.01.03,16:03,16495.859000,16498.289000,16495.009000,16496.119000,0
2022.01.03,16:04,16496.329000,16503.709000,16494.119000,16503.259000,0
2022.01.03,16:05,16503.559000,16507.099000,16499.389000,16499.549000,0
2022.01.03,16:06,16500.019000,16505.079000,16500.019000,16504.599000,0
2022.01.03,16:07,16504.269000,16506.409000,16502.649000,16506.319000,0
2022.01.03,16:08,16506.227000,16506.299000,16504.859000,16505.619000,0
2022.01.03,16:09,16505.669000,16506.389000,16503.839000,16504.529000,0
2022.01.03,16:10,16504.809000,16505.659000,16500.109000,16501.259000,0
2022.01.03,16:11,16502.399000,16505.899000,16502.139000,16505.519000,0
2022.01.03,16:12,16505.889000,16505.889000,16503.319000,16504.549000,0
2022.01.03,16:13,16504.547000,16504.889000,16501.819000,16502.729000,0
2022.01.03,16:14,16502.799000,16503.799000,16499.059000,16500.219000,0
2022.01.03,18:00,16501.569000,16508.499000,16501.569000,16506.679000,0